run_id,dataset,method,scenario,seed,task_idx,metric,value
cifar224__simplecil__cumulative_drift__seed1,cifar224,simplecil,cumulative_drift,1,0,A_t,0.9289999999999999
cifar224__simplecil__cumulative_drift__seed1,cifar224,simplecil,cumulative_drift,1,0,AIA,0.9289999999999999
cifar224__simplecil__cumulative_drift__seed1,cifar224,simplecil,cumulative_drift,1,0,BWT,nan
cifar224__simplecil__cumulative_drift__seed1,cifar224,simplecil,cumulative_drift,1,0,Forgetting,nan
cifar224__simplecil__cumulative_drift__seed1,cifar224,simplecil,cumulative_drift,1,0,FWT,nan
cifar224__simplecil__cumulative_drift__seed1,cifar224,simplecil,cumulative_drift,1,0,RAG_mean,nan
cifar224__simplecil__cumulative_drift__seed1,cifar224,simplecil,cumulative_drift,1,0,Repetition_Gain,nan
cifar224__simplecil__cumulative_drift__seed1,cifar224,simplecil,cumulative_drift,1,1,A_t,0.8916428571428572
cifar224__simplecil__cumulative_drift__seed1,cifar224,simplecil,cumulative_drift,1,1,AIA,0.9103214285714285
cifar224__simplecil__cumulative_drift__seed1,cifar224,simplecil,cumulative_drift,1,1,BWT,-0.029999999999999916
cifar224__simplecil__cumulative_drift__seed1,cifar224,simplecil,cumulative_drift,1,1,Forgetting,0.029999999999999916
cifar224__simplecil__cumulative_drift__seed1,cifar224,simplecil,cumulative_drift,1,1,FWT,0.9289999999999999
cifar224__simplecil__cumulative_drift__seed1,cifar224,simplecil,cumulative_drift,1,1,RAG_mean,-0.03333333333333336
cifar224__simplecil__cumulative_drift__seed1,cifar224,simplecil,cumulative_drift,1,1,Repetition_Gain,0.01571428571428568
cifar224__simplecil__cumulative_drift__seed1,cifar224,simplecil,cumulative_drift,1,2,A_t,0.8739206349206349
cifar224__simplecil__cumulative_drift__seed1,cifar224,simplecil,cumulative_drift,1,2,AIA,0.8981878306878306
cifar224__simplecil__cumulative_drift__seed1,cifar224,simplecil,cumulative_drift,1,2,BWT,-0.03290476190476177
cifar224__simplecil__cumulative_drift__seed1,cifar224,simplecil,cumulative_drift,1,2,Forgetting,0.03290476190476177
cifar224__simplecil__cumulative_drift__seed1,cifar224,simplecil,cumulative_drift,1,2,FWT,0.9066428571428571
cifar224__simplecil__cumulative_drift__seed1,cifar224,simplecil,cumulative_drift,1,2,RAG_mean,-0.03333333333333336
cifar224__simplecil__cumulative_drift__seed1,cifar224,simplecil,cumulative_drift,1,2,Repetition_Gain,nan
cifar224__simplecil__cumulative_drift__seed1,cifar224,simplecil,cumulative_drift,1,3,A_t,0.8690357142857142
cifar224__simplecil__cumulative_drift__seed1,cifar224,simplecil,cumulative_drift,1,3,AIA,0.8908998015873015
cifar224__simplecil__cumulative_drift__seed1,cifar224,simplecil,cumulative_drift,1,3,BWT,-0.03476190476190477
cifar224__simplecil__cumulative_drift__seed1,cifar224,simplecil,cumulative_drift,1,3,Forgetting,0.03476190476190477
cifar224__simplecil__cumulative_drift__seed1,cifar224,simplecil,cumulative_drift,1,3,FWT,0.8958571428571428
cifar224__simplecil__cumulative_drift__seed1,cifar224,simplecil,cumulative_drift,1,3,RAG_mean,-0.03333333333333336
cifar224__simplecil__cumulative_drift__seed1,cifar224,simplecil,cumulative_drift,1,3,Repetition_Gain,nan
cifar224__simplecil__cumulative_drift__seed1,cifar224,simplecil,cumulative_drift,1,4,A_t,0.8408285714285715
cifar224__simplecil__cumulative_drift__seed1,cifar224,simplecil,cumulative_drift,1,4,AIA,0.8808855555555555
cifar224__simplecil__cumulative_drift__seed1,cifar224,simplecil,cumulative_drift,1,4,BWT,-0.040142857142857175
cifar224__simplecil__cumulative_drift__seed1,cifar224,simplecil,cumulative_drift,1,4,Forgetting,0.040142857142857175
cifar224__simplecil__cumulative_drift__seed1,cifar224,simplecil,cumulative_drift,1,4,FWT,0.8951071428571428
cifar224__simplecil__cumulative_drift__seed1,cifar224,simplecil,cumulative_drift,1,4,RAG_mean,-0.03333333333333336
cifar224__simplecil__cumulative_drift__seed1,cifar224,simplecil,cumulative_drift,1,4,Repetition_Gain,nan
cifar224__simplecil__cumulative_drift__seed1,cifar224,simplecil,cumulative_drift,1,5,A_t,0.8276746031746032
cifar224__simplecil__cumulative_drift__seed1,cifar224,simplecil,cumulative_drift,1,5,AIA,0.8720170634920633
cifar224__simplecil__cumulative_drift__seed1,cifar224,simplecil,cumulative_drift,1,5,BWT,-0.04344761904761918
cifar224__simplecil__cumulative_drift__seed1,cifar224,simplecil,cumulative_drift,1,5,Forgetting,0.04344761904761918
cifar224__simplecil__cumulative_drift__seed1,cifar224,simplecil,cumulative_drift,1,5,FWT,0.872942857142857
cifar224__simplecil__cumulative_drift__seed1,cifar224,simplecil,cumulative_drift,1,5,RAG_mean,-0.03333333333333336
cifar224__simplecil__cumulative_drift__seed1,cifar224,simplecil,cumulative_drift,1,5,Repetition_Gain,nan
cifar224__simplecil__cumulative_drift__seed1,cifar224,simplecil,cumulative_drift,1,6,A_t,0.8108163265306123
cifar224__simplecil__cumulative_drift__seed1,cifar224,simplecil,cumulative_drift,1,6,AIA,0.8632741010689989
cifar224__simplecil__cumulative_drift__seed1,cifar224,simplecil,cumulative_drift,1,6,BWT,-0.061261904761904795
cifar224__simplecil__cumulative_drift__seed1,cifar224,simplecil,cumulative_drift,1,6,Forgetting,0.061261904761904795
cifar224__simplecil__cumulative_drift__seed1,cifar224,simplecil,cumulative_drift,1,6,FWT,0.8638809523809523
cifar224__simplecil__cumulative_drift__seed1,cifar224,simplecil,cumulative_drift,1,6,RAG_mean,-0.03333333333333336
cifar224__simplecil__cumulative_drift__seed1,cifar224,simplecil,cumulative_drift,1,6,Repetition_Gain,nan
cifar224__simplecil__cumulative_drift__seed1,cifar224,simplecil,cumulative_drift,1,7,A_t,0.7957410714285714
cifar224__simplecil__cumulative_drift__seed1,cifar224,simplecil,cumulative_drift,1,7,AIA,0.8548324723639456
cifar224__simplecil__cumulative_drift__seed1,cifar224,simplecil,cumulative_drift,1,7,BWT,-0.06329591836734695
cifar224__simplecil__cumulative_drift__seed1,cifar224,simplecil,cumulative_drift,1,7,Forgetting,0.06329591836734695
cifar224__simplecil__cumulative_drift__seed1,cifar224,simplecil,cumulative_drift,1,7,FWT,0.8633265306122448
cifar224__simplecil__cumulative_drift__seed1,cifar224,simplecil,cumulative_drift,1,7,RAG_mean,-0.03333333333333336
cifar224__simplecil__cumulative_drift__seed1,cifar224,simplecil,cumulative_drift,1,7,Repetition_Gain,nan
cifar224__simplecil__cumulative_drift__seed1,cifar224,simplecil,cumulative_drift,1,8,A_t,0.7880670194003527
cifar224__simplecil__cumulative_drift__seed1,cifar224,simplecil,cumulative_drift,1,8,AIA,0.8474140887013242
cifar224__simplecil__cumulative_drift__seed1,cifar224,simplecil,cumulative_drift,1,8,BWT,-0.06651388888888891
cifar224__simplecil__cumulative_drift__seed1,cifar224,simplecil,cumulative_drift,1,8,Forgetting,0.06651388888888891
cifar224__simplecil__cumulative_drift__seed1,cifar224,simplecil,cumulative_drift,1,8,FWT,0.851125
cifar224__simplecil__cumulative_drift__seed1,cifar224,simplecil,cumulative_drift,1,8,RAG_mean,-0.03333333333333336
cifar224__simplecil__cumulative_drift__seed1,cifar224,simplecil,cumulative_drift,1,8,Repetition_Gain,nan
cifar224__simplecil__cumulative_drift__seed1,cifar224,simplecil,cumulative_drift,1,9,A_t,0.7887714285714286
cifar224__simplecil__cumulative_drift__seed1,cifar224,simplecil,cumulative_drift,1,9,AIA,0.8415498226883346
cifar224__simplecil__cumulative_drift__seed1,cifar224,simplecil,cumulative_drift,1,9,BWT,-0.0645873015873016
cifar224__simplecil__cumulative_drift__seed1,cifar224,simplecil,cumulative_drift,1,9,Forgetting,0.0645873015873016
cifar224__simplecil__cumulative_drift__seed1,cifar224,simplecil,cumulative_drift,1,9,FWT,0.8471904761904763
cifar224__simplecil__cumulative_drift__seed1,cifar224,simplecil,cumulative_drift,1,9,RAG_mean,-0.03333333333333336
cifar224__simplecil__cumulative_drift__seed1,cifar224,simplecil,cumulative_drift,1,9,Repetition_Gain,nan
cifar224__simplecil__cumulative_drift__seed1,cifar224,simplecil,cumulative_drift,1,9,Anchor_Retention,0.8233333333333333
cifar224__simplecil__cumulative_drift__seed1,cifar224,simplecil,cumulative_drift,1,9,Long_Range_Retention,0.792
cifar224__simplecil__cumulative_drift__seed2,cifar224,simplecil,cumulative_drift,2,0,A_t,0.917
cifar224__simplecil__cumulative_drift__seed2,cifar224,simplecil,cumulative_drift,2,0,AIA,0.917
cifar224__simplecil__cumulative_drift__seed2,cifar224,simplecil,cumulative_drift,2,0,BWT,nan
cifar224__simplecil__cumulative_drift__seed2,cifar224,simplecil,cumulative_drift,2,0,Forgetting,nan
cifar224__simplecil__cumulative_drift__seed2,cifar224,simplecil,cumulative_drift,2,0,FWT,nan
cifar224__simplecil__cumulative_drift__seed2,cifar224,simplecil,cumulative_drift,2,0,RAG_mean,nan
cifar224__simplecil__cumulative_drift__seed2,cifar224,simplecil,cumulative_drift,2,0,Repetition_Gain,nan
cifar224__simplecil__cumulative_drift__seed2,cifar224,simplecil,cumulative_drift,2,1,A_t,0.8982142857142856
cifar224__simplecil__cumulative_drift__seed2,cifar224,simplecil,cumulative_drift,2,1,AIA,0.9076071428571428
cifar224__simplecil__cumulative_drift__seed2,cifar224,simplecil,cumulative_drift,2,1,BWT,-0.002000000000000224
cifar224__simplecil__cumulative_drift__seed2,cifar224,simplecil,cumulative_drift,2,1,Forgetting,0.002000000000000224
cifar224__simplecil__cumulative_drift__seed2,cifar224,simplecil,cumulative_drift,2,1,FWT,0.917
cifar224__simplecil__cumulative_drift__seed2,cifar224,simplecil,cumulative_drift,2,1,RAG_mean,0.05000000000000001
cifar224__simplecil__cumulative_drift__seed2,cifar224,simplecil,cumulative_drift,2,1,Repetition_Gain,0.0685714285714284
cifar224__simplecil__cumulative_drift__seed2,cifar224,simplecil,cumulative_drift,2,2,A_t,0.8737777777777778
cifar224__simplecil__cumulative_drift__seed2,cifar224,simplecil,cumulative_drift,2,2,AIA,0.8963306878306878
cifar224__simplecil__cumulative_drift__seed2,cifar224,simplecil,cumulative_drift,2,2,BWT,-0.02640476190476193
cifar224__simplecil__cumulative_drift__seed2,cifar224,simplecil,cumulative_drift,2,2,Forgetting,0.02640476190476193
cifar224__simplecil__cumulative_drift__seed2,cifar224,simplecil,cumulative_drift,2,2,FWT,0.8992142857142857
cifar224__simplecil__cumulative_drift__seed2,cifar224,simplecil,cumulative_drift,2,2,RAG_mean,0.05000000000000001
cifar224__simplecil__cumulative_drift__seed2,cifar224,simplecil,cumulative_drift,2,2,Repetition_Gain,nan
cifar224__simplecil__cumulative_drift__seed2,cifar224,simplecil,cumulative_drift,2,3,A_t,0.8667857142857143
cifar224__simplecil__cumulative_drift__seed2,cifar224,simplecil,cumulative_drift,2,3,AIA,0.8889444444444444
cifar224__simplecil__cumulative_drift__seed2,cifar224,simplecil,cumulative_drift,2,3,BWT,-0.03376190476190477
cifar224__simplecil__cumulative_drift__seed2,cifar224,simplecil,cumulative_drift,2,3,Forgetting,0.03376190476190477
cifar224__simplecil__cumulative_drift__seed2,cifar224,simplecil,cumulative_drift,2,3,FWT,0.8913809523809523
cifar224__simplecil__cumulative_drift__seed2,cifar224,simplecil,cumulative_drift,2,3,RAG_mean,0.05000000000000001
cifar224__simplecil__cumulative_drift__seed2,cifar224,simplecil,cumulative_drift,2,3,Repetition_Gain,nan
cifar224__simplecil__cumulative_drift__seed2,cifar224,simplecil,cumulative_drift,2,4,A_t,0.8386571428571429
cifar224__simplecil__cumulative_drift__seed2,cifar224,simplecil,cumulative_drift,2,4,AIA,0.8788869841269842
cifar224__simplecil__cumulative_drift__seed2,cifar224,simplecil,cumulative_drift,2,4,BWT,-0.03950000000000001
cifar224__simplecil__cumulative_drift__seed2,cifar224,simplecil,cumulative_drift,2,4,Forgetting,0.03950000000000001
cifar224__simplecil__cumulative_drift__seed2,cifar224,simplecil,cumulative_drift,2,4,FWT,0.8921071428571428
cifar224__simplecil__cumulative_drift__seed2,cifar224,simplecil,cumulative_drift,2,4,RAG_mean,0.05000000000000001
cifar224__simplecil__cumulative_drift__seed2,cifar224,simplecil,cumulative_drift,2,4,Repetition_Gain,nan
cifar224__simplecil__cumulative_drift__seed2,cifar224,simplecil,cumulative_drift,2,5,A_t,0.8265873015873016
cifar224__simplecil__cumulative_drift__seed2,cifar224,simplecil,cumulative_drift,2,5,AIA,0.8701703703703704
cifar224__simplecil__cumulative_drift__seed2,cifar224,simplecil,cumulative_drift,2,5,BWT,-0.04263809523809525
cifar224__simplecil__cumulative_drift__seed2,cifar224,simplecil,cumulative_drift,2,5,Forgetting,0.04263809523809525
cifar224__simplecil__cumulative_drift__seed2,cifar224,simplecil,cumulative_drift,2,5,FWT,0.8702571428571428
cifar224__simplecil__cumulative_drift__seed2,cifar224,simplecil,cumulative_drift,2,5,RAG_mean,0.05000000000000001
cifar224__simplecil__cumulative_drift__seed2,cifar224,simplecil,cumulative_drift,2,5,Repetition_Gain,nan
cifar224__simplecil__cumulative_drift__seed2,cifar224,simplecil,cumulative_drift,2,6,A_t,0.8084285714285714
cifar224__simplecil__cumulative_drift__seed2,cifar224,simplecil,cumulative_drift,2,6,AIA,0.8613501133786848
cifar224__simplecil__cumulative_drift__seed2,cifar224,simplecil,cumulative_drift,2,6,BWT,-0.06204761904761904
cifar224__simplecil__cumulative_drift__seed2,cifar224,simplecil,cumulative_drift,2,6,Forgetting,0.06204761904761904
cifar224__simplecil__cumulative_drift__seed2,cifar224,simplecil,cumulative_drift,2,6,FWT,0.8621190476190476
cifar224__simplecil__cumulative_drift__seed2,cifar224,simplecil,cumulative_drift,2,6,RAG_mean,0.05000000000000001
cifar224__simplecil__cumulative_drift__seed2,cifar224,simplecil,cumulative_drift,2,6,Repetition_Gain,nan
cifar224__simplecil__cumulative_drift__seed2,cifar224,simplecil,cumulative_drift,2,7,A_t,0.7944642857142856
cifar224__simplecil__cumulative_drift__seed2,cifar224,simplecil,cumulative_drift,2,7,AIA,0.8529893849206349
cifar224__simplecil__cumulative_drift__seed2,cifar224,simplecil,cumulative_drift,2,7,BWT,-0.06365306122448984
cifar224__simplecil__cumulative_drift__seed2,cifar224,simplecil,cumulative_drift,2,7,Forgetting,0.06365306122448984
cifar224__simplecil__cumulative_drift__seed2,cifar224,simplecil,cumulative_drift,2,7,FWT,0.8616122448979591
cifar224__simplecil__cumulative_drift__seed2,cifar224,simplecil,cumulative_drift,2,7,RAG_mean,0.05000000000000001
cifar224__simplecil__cumulative_drift__seed2,cifar224,simplecil,cumulative_drift,2,7,Repetition_Gain,nan
cifar224__simplecil__cumulative_drift__seed2,cifar224,simplecil,cumulative_drift,2,8,A_t,0.7882310405643739
cifar224__simplecil__cumulative_drift__seed2,cifar224,simplecil,cumulative_drift,2,8,AIA,0.8457940133254948
cifar224__simplecil__cumulative_drift__seed2,cifar224,simplecil,cumulative_drift,2,8,BWT,-0.0655436507936508
cifar224__simplecil__cumulative_drift__seed2,cifar224,simplecil,cumulative_drift,2,8,Forgetting,0.0655436507936508
cifar224__simplecil__cumulative_drift__seed2,cifar224,simplecil,cumulative_drift,2,8,FWT,0.8501607142857144
cifar224__simplecil__cumulative_drift__seed2,cifar224,simplecil,cumulative_drift,2,8,RAG_mean,0.05000000000000001
cifar224__simplecil__cumulative_drift__seed2,cifar224,simplecil,cumulative_drift,2,8,Repetition_Gain,nan
cifar224__simplecil__cumulative_drift__seed2,cifar224,simplecil,cumulative_drift,2,9,A_t,0.787
cifar224__simplecil__cumulative_drift__seed2,cifar224,simplecil,cumulative_drift,2,9,AIA,0.8399146119929453
cifar224__simplecil__cumulative_drift__seed2,cifar224,simplecil,cumulative_drift,2,9,BWT,-0.06538095238095243
cifar224__simplecil__cumulative_drift__seed2,cifar224,simplecil,cumulative_drift,2,9,Forgetting,0.06538095238095243
cifar224__simplecil__cumulative_drift__seed2,cifar224,simplecil,cumulative_drift,2,9,FWT,0.8464920634920635
cifar224__simplecil__cumulative_drift__seed2,cifar224,simplecil,cumulative_drift,2,9,RAG_mean,0.05000000000000001
cifar224__simplecil__cumulative_drift__seed2,cifar224,simplecil,cumulative_drift,2,9,Repetition_Gain,nan
cifar224__simplecil__cumulative_drift__seed2,cifar224,simplecil,cumulative_drift,2,9,Anchor_Retention,0.8133333333333334
cifar224__simplecil__cumulative_drift__seed2,cifar224,simplecil,cumulative_drift,2,9,Long_Range_Retention,0.79
cifar224__simplecil__cumulative_drift__seed3,cifar224,simplecil,cumulative_drift,3,0,A_t,0.9390000000000001
cifar224__simplecil__cumulative_drift__seed3,cifar224,simplecil,cumulative_drift,3,0,AIA,0.9390000000000001
cifar224__simplecil__cumulative_drift__seed3,cifar224,simplecil,cumulative_drift,3,0,BWT,nan
cifar224__simplecil__cumulative_drift__seed3,cifar224,simplecil,cumulative_drift,3,0,Forgetting,nan
cifar224__simplecil__cumulative_drift__seed3,cifar224,simplecil,cumulative_drift,3,0,FWT,nan
cifar224__simplecil__cumulative_drift__seed3,cifar224,simplecil,cumulative_drift,3,0,RAG_mean,nan
cifar224__simplecil__cumulative_drift__seed3,cifar224,simplecil,cumulative_drift,3,0,Repetition_Gain,nan
cifar224__simplecil__cumulative_drift__seed3,cifar224,simplecil,cumulative_drift,3,1,A_t,0.8994285714285712
cifar224__simplecil__cumulative_drift__seed3,cifar224,simplecil,cumulative_drift,3,1,AIA,0.9192142857142857
cifar224__simplecil__cumulative_drift__seed3,cifar224,simplecil,cumulative_drift,3,1,BWT,-0.023000000000000242
cifar224__simplecil__cumulative_drift__seed3,cifar224,simplecil,cumulative_drift,3,1,Forgetting,0.023000000000000242
cifar224__simplecil__cumulative_drift__seed3,cifar224,simplecil,cumulative_drift,3,1,FWT,0.9390000000000001
cifar224__simplecil__cumulative_drift__seed3,cifar224,simplecil,cumulative_drift,3,1,RAG_mean,-0.01666666666666668
cifar224__simplecil__cumulative_drift__seed3,cifar224,simplecil,cumulative_drift,3,1,Repetition_Gain,0.06714285714285706
cifar224__simplecil__cumulative_drift__seed3,cifar224,simplecil,cumulative_drift,3,2,A_t,0.8759841269841271
cifar224__simplecil__cumulative_drift__seed3,cifar224,simplecil,cumulative_drift,3,2,AIA,0.9048042328042328
cifar224__simplecil__cumulative_drift__seed3,cifar224,simplecil,cumulative_drift,3,2,BWT,-0.03409523809523807
cifar224__simplecil__cumulative_drift__seed3,cifar224,simplecil,cumulative_drift,3,2,Forgetting,0.03409523809523807
cifar224__simplecil__cumulative_drift__seed3,cifar224,simplecil,cumulative_drift,3,2,FWT,0.9109285714285714
cifar224__simplecil__cumulative_drift__seed3,cifar224,simplecil,cumulative_drift,3,2,RAG_mean,-0.01666666666666668
cifar224__simplecil__cumulative_drift__seed3,cifar224,simplecil,cumulative_drift,3,2,Repetition_Gain,nan
cifar224__simplecil__cumulative_drift__seed3,cifar224,simplecil,cumulative_drift,3,3,A_t,0.8640178571428572
cifar224__simplecil__cumulative_drift__seed3,cifar224,simplecil,cumulative_drift,3,3,AIA,0.894607638888889
cifar224__simplecil__cumulative_drift__seed3,cifar224,simplecil,cumulative_drift,3,3,BWT,-0.041928571428571426
cifar224__simplecil__cumulative_drift__seed3,cifar224,simplecil,cumulative_drift,3,3,Forgetting,0.041928571428571426
cifar224__simplecil__cumulative_drift__seed3,cifar224,simplecil,cumulative_drift,3,3,FWT,0.8987142857142857
cifar224__simplecil__cumulative_drift__seed3,cifar224,simplecil,cumulative_drift,3,3,RAG_mean,-0.01666666666666668
cifar224__simplecil__cumulative_drift__seed3,cifar224,simplecil,cumulative_drift,3,3,Repetition_Gain,nan
cifar224__simplecil__cumulative_drift__seed3,cifar224,simplecil,cumulative_drift,3,4,A_t,0.8381714285714287
cifar224__simplecil__cumulative_drift__seed3,cifar224,simplecil,cumulative_drift,3,4,AIA,0.8833203968253969
cifar224__simplecil__cumulative_drift__seed3,cifar224,simplecil,cumulative_drift,3,4,BWT,-0.04489285714285704
cifar224__simplecil__cumulative_drift__seed3,cifar224,simplecil,cumulative_drift,3,4,Forgetting,0.04489285714285704
cifar224__simplecil__cumulative_drift__seed3,cifar224,simplecil,cumulative_drift,3,4,FWT,0.8954642857142857
cifar224__simplecil__cumulative_drift__seed3,cifar224,simplecil,cumulative_drift,3,4,RAG_mean,-0.01666666666666668
cifar224__simplecil__cumulative_drift__seed3,cifar224,simplecil,cumulative_drift,3,4,Repetition_Gain,nan
cifar224__simplecil__cumulative_drift__seed3,cifar224,simplecil,cumulative_drift,3,5,A_t,0.8258253968253967
cifar224__simplecil__cumulative_drift__seed3,cifar224,simplecil,cumulative_drift,3,5,AIA,0.8737378968253968
cifar224__simplecil__cumulative_drift__seed3,cifar224,simplecil,cumulative_drift,3,5,BWT,-0.04880952380952379
cifar224__simplecil__cumulative_drift__seed3,cifar224,simplecil,cumulative_drift,3,5,Forgetting,0.04880952380952379
cifar224__simplecil__cumulative_drift__seed3,cifar224,simplecil,cumulative_drift,3,5,FWT,0.8740857142857144
cifar224__simplecil__cumulative_drift__seed3,cifar224,simplecil,cumulative_drift,3,5,RAG_mean,-0.01666666666666668
cifar224__simplecil__cumulative_drift__seed3,cifar224,simplecil,cumulative_drift,3,5,Repetition_Gain,nan
cifar224__simplecil__cumulative_drift__seed3,cifar224,simplecil,cumulative_drift,3,6,A_t,0.809469387755102
cifar224__simplecil__cumulative_drift__seed3,cifar224,simplecil,cumulative_drift,3,6,AIA,0.8645566812439262
cifar224__simplecil__cumulative_drift__seed3,cifar224,simplecil,cumulative_drift,3,6,BWT,-0.06521428571428568
cifar224__simplecil__cumulative_drift__seed3,cifar224,simplecil,cumulative_drift,3,6,Forgetting,0.06521428571428568
cifar224__simplecil__cumulative_drift__seed3,cifar224,simplecil,cumulative_drift,3,6,FWT,0.8664999999999999
cifar224__simplecil__cumulative_drift__seed3,cifar224,simplecil,cumulative_drift,3,6,RAG_mean,-0.01666666666666668
cifar224__simplecil__cumulative_drift__seed3,cifar224,simplecil,cumulative_drift,3,6,Repetition_Gain,nan
cifar224__simplecil__cumulative_drift__seed3,cifar224,simplecil,cumulative_drift,3,7,A_t,0.7950714285714285
cifar224__simplecil__cumulative_drift__seed3,cifar224,simplecil,cumulative_drift,3,7,AIA,0.8558710246598639
cifar224__simplecil__cumulative_drift__seed3,cifar224,simplecil,cumulative_drift,3,7,BWT,-0.06712244897959185
cifar224__simplecil__cumulative_drift__seed3,cifar224,simplecil,cumulative_drift,3,7,Forgetting,0.06712244897959185
cifar224__simplecil__cumulative_drift__seed3,cifar224,simplecil,cumulative_drift,3,7,FWT,0.8653673469387755
cifar224__simplecil__cumulative_drift__seed3,cifar224,simplecil,cumulative_drift,3,7,RAG_mean,-0.01666666666666668
cifar224__simplecil__cumulative_drift__seed3,cifar224,simplecil,cumulative_drift,3,7,Repetition_Gain,nan
cifar224__simplecil__cumulative_drift__seed3,cifar224,simplecil,cumulative_drift,3,8,A_t,0.787694885361552
cifar224__simplecil__cumulative_drift__seed3,cifar224,simplecil,cumulative_drift,3,8,AIA,0.8482958980711626
cifar224__simplecil__cumulative_drift__seed3,cifar224,simplecil,cumulative_drift,3,8,BWT,-0.06889682539682544
cifar224__simplecil__cumulative_drift__seed3,cifar224,simplecil,cumulative_drift,3,8,Forgetting,0.06889682539682544
cifar224__simplecil__cumulative_drift__seed3,cifar224,simplecil,cumulative_drift,3,8,FWT,0.8538035714285714
cifar224__simplecil__cumulative_drift__seed3,cifar224,simplecil,cumulative_drift,3,8,RAG_mean,-0.01666666666666668
cifar224__simplecil__cumulative_drift__seed3,cifar224,simplecil,cumulative_drift,3,8,Repetition_Gain,nan
cifar224__simplecil__cumulative_drift__seed3,cifar224,simplecil,cumulative_drift,3,9,A_t,0.7878714285714286
cifar224__simplecil__cumulative_drift__seed3,cifar224,simplecil,cumulative_drift,3,9,AIA,0.8422534511211891
cifar224__simplecil__cumulative_drift__seed3,cifar224,simplecil,cumulative_drift,3,9,BWT,-0.06701587301587301
cifar224__simplecil__cumulative_drift__seed3,cifar224,simplecil,cumulative_drift,3,9,Forgetting,0.06701587301587301
cifar224__simplecil__cumulative_drift__seed3,cifar224,simplecil,cumulative_drift,3,9,FWT,0.8489365079365079
cifar224__simplecil__cumulative_drift__seed3,cifar224,simplecil,cumulative_drift,3,9,RAG_mean,-0.01666666666666668
cifar224__simplecil__cumulative_drift__seed3,cifar224,simplecil,cumulative_drift,3,9,Repetition_Gain,nan
cifar224__simplecil__cumulative_drift__seed3,cifar224,simplecil,cumulative_drift,3,9,Anchor_Retention,0.82
cifar224__simplecil__cumulative_drift__seed3,cifar224,simplecil,cumulative_drift,3,9,Long_Range_Retention,0.793
cifar224__simplecil__disjoint_baseline__seed1,cifar224,simplecil,disjoint_baseline,1,0,A_t,0.9289999999999999
cifar224__simplecil__disjoint_baseline__seed1,cifar224,simplecil,disjoint_baseline,1,0,AIA,0.9289999999999999
cifar224__simplecil__disjoint_baseline__seed1,cifar224,simplecil,disjoint_baseline,1,0,BWT,nan
cifar224__simplecil__disjoint_baseline__seed1,cifar224,simplecil,disjoint_baseline,1,0,Forgetting,nan
cifar224__simplecil__disjoint_baseline__seed1,cifar224,simplecil,disjoint_baseline,1,0,FWT,nan
cifar224__simplecil__disjoint_baseline__seed1,cifar224,simplecil,disjoint_baseline,1,0,RAG_mean,nan
cifar224__simplecil__disjoint_baseline__seed1,cifar224,simplecil,disjoint_baseline,1,0,Repetition_Gain,nan
cifar224__simplecil__disjoint_baseline__seed1,cifar224,simplecil,disjoint_baseline,1,1,A_t,0.887
cifar224__simplecil__disjoint_baseline__seed1,cifar224,simplecil,disjoint_baseline,1,1,AIA,0.9079999999999999
cifar224__simplecil__disjoint_baseline__seed1,cifar224,simplecil,disjoint_baseline,1,1,BWT,-0.03299999999999981
cifar224__simplecil__disjoint_baseline__seed1,cifar224,simplecil,disjoint_baseline,1,1,Forgetting,0.03299999999999981
cifar224__simplecil__disjoint_baseline__seed1,cifar224,simplecil,disjoint_baseline,1,1,FWT,0.9289999999999999
cifar224__simplecil__disjoint_baseline__seed1,cifar224,simplecil,disjoint_baseline,1,1,RAG_mean,nan
cifar224__simplecil__disjoint_baseline__seed1,cifar224,simplecil,disjoint_baseline,1,1,Repetition_Gain,nan
cifar224__simplecil__disjoint_baseline__seed1,cifar224,simplecil,disjoint_baseline,1,2,A_t,0.8730000000000001
cifar224__simplecil__disjoint_baseline__seed1,cifar224,simplecil,disjoint_baseline,1,2,AIA,0.8963333333333333
cifar224__simplecil__disjoint_baseline__seed1,cifar224,simplecil,disjoint_baseline,1,2,BWT,-0.03899999999999987
cifar224__simplecil__disjoint_baseline__seed1,cifar224,simplecil,disjoint_baseline,1,2,Forgetting,0.03899999999999987
cifar224__simplecil__disjoint_baseline__seed1,cifar224,simplecil,disjoint_baseline,1,2,FWT,0.9035
cifar224__simplecil__disjoint_baseline__seed1,cifar224,simplecil,disjoint_baseline,1,2,RAG_mean,nan
cifar224__simplecil__disjoint_baseline__seed1,cifar224,simplecil,disjoint_baseline,1,2,Repetition_Gain,nan
cifar224__simplecil__disjoint_baseline__seed1,cifar224,simplecil,disjoint_baseline,1,3,A_t,0.8380000000000001
cifar224__simplecil__disjoint_baseline__seed1,cifar224,simplecil,disjoint_baseline,1,3,AIA,0.88175
cifar224__simplecil__disjoint_baseline__seed1,cifar224,simplecil,disjoint_baseline,1,3,BWT,-0.045999999999999965
cifar224__simplecil__disjoint_baseline__seed1,cifar224,simplecil,disjoint_baseline,1,3,Forgetting,0.045999999999999965
cifar224__simplecil__disjoint_baseline__seed1,cifar224,simplecil,disjoint_baseline,1,3,FWT,0.899
cifar224__simplecil__disjoint_baseline__seed1,cifar224,simplecil,disjoint_baseline,1,3,RAG_mean,nan
cifar224__simplecil__disjoint_baseline__seed1,cifar224,simplecil,disjoint_baseline,1,3,Repetition_Gain,nan
cifar224__simplecil__disjoint_baseline__seed1,cifar224,simplecil,disjoint_baseline,1,4,A_t,0.8152000000000001
cifar224__simplecil__disjoint_baseline__seed1,cifar224,simplecil,disjoint_baseline,1,4,AIA,0.86844
cifar224__simplecil__disjoint_baseline__seed1,cifar224,simplecil,disjoint_baseline,1,4,BWT,-0.0655
cifar224__simplecil__disjoint_baseline__seed1,cifar224,simplecil,disjoint_baseline,1,4,Forgetting,0.0655
cifar224__simplecil__disjoint_baseline__seed1,cifar224,simplecil,disjoint_baseline,1,4,FWT,0.8725
cifar224__simplecil__disjoint_baseline__seed1,cifar224,simplecil,disjoint_baseline,1,4,RAG_mean,nan
cifar224__simplecil__disjoint_baseline__seed1,cifar224,simplecil,disjoint_baseline,1,4,Repetition_Gain,nan
cifar224__simplecil__disjoint_baseline__seed1,cifar224,simplecil,disjoint_baseline,1,5,A_t,0.7931666666666667
cifar224__simplecil__disjoint_baseline__seed1,cifar224,simplecil,disjoint_baseline,1,5,AIA,0.8558944444444445
cifar224__simplecil__disjoint_baseline__seed1,cifar224,simplecil,disjoint_baseline,1,5,BWT,-0.06920000000000001
cifar224__simplecil__disjoint_baseline__seed1,cifar224,simplecil,disjoint_baseline,1,5,Forgetting,0.06920000000000001
cifar224__simplecil__disjoint_baseline__seed1,cifar224,simplecil,disjoint_baseline,1,5,FWT,0.8676
cifar224__simplecil__disjoint_baseline__seed1,cifar224,simplecil,disjoint_baseline,1,5,RAG_mean,nan
cifar224__simplecil__disjoint_baseline__seed1,cifar224,simplecil,disjoint_baseline,1,5,Repetition_Gain,nan
cifar224__simplecil__disjoint_baseline__seed1,cifar224,simplecil,disjoint_baseline,1,6,A_t,0.7905714285714287
cifar224__simplecil__disjoint_baseline__seed1,cifar224,simplecil,disjoint_baseline,1,6,AIA,0.8465625850340137
cifar224__simplecil__disjoint_baseline__seed1,cifar224,simplecil,disjoint_baseline,1,6,BWT,-0.06816666666666671
cifar224__simplecil__disjoint_baseline__seed1,cifar224,simplecil,disjoint_baseline,1,6,Forgetting,0.06816666666666671
cifar224__simplecil__disjoint_baseline__seed1,cifar224,simplecil,disjoint_baseline,1,6,FWT,0.8508333333333334
cifar224__simplecil__disjoint_baseline__seed1,cifar224,simplecil,disjoint_baseline,1,6,RAG_mean,nan
cifar224__simplecil__disjoint_baseline__seed1,cifar224,simplecil,disjoint_baseline,1,6,Repetition_Gain,nan
cifar224__simplecil__disjoint_baseline__seed1,cifar224,simplecil,disjoint_baseline,1,7,A_t,0.769125
cifar224__simplecil__disjoint_baseline__seed1,cifar224,simplecil,disjoint_baseline,1,7,AIA,0.836882886904762
cifar224__simplecil__disjoint_baseline__seed1,cifar224,simplecil,disjoint_baseline,1,7,BWT,-0.0734285714285715
cifar224__simplecil__disjoint_baseline__seed1,cifar224,simplecil,disjoint_baseline,1,7,Forgetting,0.0734285714285715
cifar224__simplecil__disjoint_baseline__seed1,cifar224,simplecil,disjoint_baseline,1,7,FWT,0.8490000000000001
cifar224__simplecil__disjoint_baseline__seed1,cifar224,simplecil,disjoint_baseline,1,7,RAG_mean,nan
cifar224__simplecil__disjoint_baseline__seed1,cifar224,simplecil,disjoint_baseline,1,7,Repetition_Gain,nan
cifar224__simplecil__disjoint_baseline__seed1,cifar224,simplecil,disjoint_baseline,1,8,A_t,0.7576666666666667
cifar224__simplecil__disjoint_baseline__seed1,cifar224,simplecil,disjoint_baseline,1,8,AIA,0.8280810846560848
cifar224__simplecil__disjoint_baseline__seed1,cifar224,simplecil,disjoint_baseline,1,8,BWT,-0.07725000000000005
cifar224__simplecil__disjoint_baseline__seed1,cifar224,simplecil,disjoint_baseline,1,8,Forgetting,0.07725000000000005
cifar224__simplecil__disjoint_baseline__seed1,cifar224,simplecil,disjoint_baseline,1,8,FWT,0.8333750000000001
cifar224__simplecil__disjoint_baseline__seed1,cifar224,simplecil,disjoint_baseline,1,8,RAG_mean,nan
cifar224__simplecil__disjoint_baseline__seed1,cifar224,simplecil,disjoint_baseline,1,8,Repetition_Gain,nan
cifar224__simplecil__disjoint_baseline__seed1,cifar224,simplecil,disjoint_baseline,1,9,A_t,0.7523000000000002
cifar224__simplecil__disjoint_baseline__seed1,cifar224,simplecil,disjoint_baseline,1,9,AIA,0.8205029761904763
cifar224__simplecil__disjoint_baseline__seed1,cifar224,simplecil,disjoint_baseline,1,9,BWT,-0.07866666666666669
cifar224__simplecil__disjoint_baseline__seed1,cifar224,simplecil,disjoint_baseline,1,9,Forgetting,0.07866666666666669
cifar224__simplecil__disjoint_baseline__seed1,cifar224,simplecil,disjoint_baseline,1,9,FWT,0.8263333333333335
cifar224__simplecil__disjoint_baseline__seed1,cifar224,simplecil,disjoint_baseline,1,9,RAG_mean,nan
cifar224__simplecil__disjoint_baseline__seed1,cifar224,simplecil,disjoint_baseline,1,9,Repetition_Gain,nan
cifar224__simplecil__disjoint_baseline__seed1,cifar224,simplecil,disjoint_baseline,1,9,Anchor_Retention,nan
cifar224__simplecil__disjoint_baseline__seed1,cifar224,simplecil,disjoint_baseline,1,9,Long_Range_Retention,0.7549999999999999
cifar224__simplecil__disjoint_baseline__seed2,cifar224,simplecil,disjoint_baseline,2,0,A_t,0.9299999999999999
cifar224__simplecil__disjoint_baseline__seed2,cifar224,simplecil,disjoint_baseline,2,0,AIA,0.9299999999999999
cifar224__simplecil__disjoint_baseline__seed2,cifar224,simplecil,disjoint_baseline,2,0,BWT,nan
cifar224__simplecil__disjoint_baseline__seed2,cifar224,simplecil,disjoint_baseline,2,0,Forgetting,nan
cifar224__simplecil__disjoint_baseline__seed2,cifar224,simplecil,disjoint_baseline,2,0,FWT,nan
cifar224__simplecil__disjoint_baseline__seed2,cifar224,simplecil,disjoint_baseline,2,0,RAG_mean,nan
cifar224__simplecil__disjoint_baseline__seed2,cifar224,simplecil,disjoint_baseline,2,0,Repetition_Gain,nan
cifar224__simplecil__disjoint_baseline__seed2,cifar224,simplecil,disjoint_baseline,2,1,A_t,0.8880000000000001
cifar224__simplecil__disjoint_baseline__seed2,cifar224,simplecil,disjoint_baseline,2,1,AIA,0.909
cifar224__simplecil__disjoint_baseline__seed2,cifar224,simplecil,disjoint_baseline,2,1,BWT,-0.030999999999999917
cifar224__simplecil__disjoint_baseline__seed2,cifar224,simplecil,disjoint_baseline,2,1,Forgetting,0.030999999999999917
cifar224__simplecil__disjoint_baseline__seed2,cifar224,simplecil,disjoint_baseline,2,1,FWT,0.9299999999999999
cifar224__simplecil__disjoint_baseline__seed2,cifar224,simplecil,disjoint_baseline,2,1,RAG_mean,nan
cifar224__simplecil__disjoint_baseline__seed2,cifar224,simplecil,disjoint_baseline,2,1,Repetition_Gain,nan
cifar224__simplecil__disjoint_baseline__seed2,cifar224,simplecil,disjoint_baseline,2,2,A_t,0.8736666666666668
cifar224__simplecil__disjoint_baseline__seed2,cifar224,simplecil,disjoint_baseline,2,2,AIA,0.8972222222222223
cifar224__simplecil__disjoint_baseline__seed2,cifar224,simplecil,disjoint_baseline,2,2,BWT,-0.039000000000000035
cifar224__simplecil__disjoint_baseline__seed2,cifar224,simplecil,disjoint_baseline,2,2,Forgetting,0.039000000000000035
cifar224__simplecil__disjoint_baseline__seed2,cifar224,simplecil,disjoint_baseline,2,2,FWT,0.9035
cifar224__simplecil__disjoint_baseline__seed2,cifar224,simplecil,disjoint_baseline,2,2,RAG_mean,nan
cifar224__simplecil__disjoint_baseline__seed2,cifar224,simplecil,disjoint_baseline,2,2,Repetition_Gain,nan
cifar224__simplecil__disjoint_baseline__seed2,cifar224,simplecil,disjoint_baseline,2,3,A_t,0.84025
cifar224__simplecil__disjoint_baseline__seed2,cifar224,simplecil,disjoint_baseline,2,3,AIA,0.8829791666666668
cifar224__simplecil__disjoint_baseline__seed2,cifar224,simplecil,disjoint_baseline,2,3,BWT,-0.04500000000000004
cifar224__simplecil__disjoint_baseline__seed2,cifar224,simplecil,disjoint_baseline,2,3,Forgetting,0.04500000000000004
cifar224__simplecil__disjoint_baseline__seed2,cifar224,simplecil,disjoint_baseline,2,3,FWT,0.8996666666666666
cifar224__simplecil__disjoint_baseline__seed2,cifar224,simplecil,disjoint_baseline,2,3,RAG_mean,nan
cifar224__simplecil__disjoint_baseline__seed2,cifar224,simplecil,disjoint_baseline,2,3,Repetition_Gain,nan
cifar224__simplecil__disjoint_baseline__seed2,cifar224,simplecil,disjoint_baseline,2,4,A_t,0.8176000000000002
cifar224__simplecil__disjoint_baseline__seed2,cifar224,simplecil,disjoint_baseline,2,4,AIA,0.8699033333333335
cifar224__simplecil__disjoint_baseline__seed2,cifar224,simplecil,disjoint_baseline,2,4,BWT,-0.06350000000000003
cifar224__simplecil__disjoint_baseline__seed2,cifar224,simplecil,disjoint_baseline,2,4,Forgetting,0.06350000000000003
cifar224__simplecil__disjoint_baseline__seed2,cifar224,simplecil,disjoint_baseline,2,4,FWT,0.874
cifar224__simplecil__disjoint_baseline__seed2,cifar224,simplecil,disjoint_baseline,2,4,RAG_mean,nan
cifar224__simplecil__disjoint_baseline__seed2,cifar224,simplecil,disjoint_baseline,2,4,Repetition_Gain,nan
cifar224__simplecil__disjoint_baseline__seed2,cifar224,simplecil,disjoint_baseline,2,5,A_t,0.7959999999999999
cifar224__simplecil__disjoint_baseline__seed2,cifar224,simplecil,disjoint_baseline,2,5,AIA,0.8575861111111113
cifar224__simplecil__disjoint_baseline__seed2,cifar224,simplecil,disjoint_baseline,2,5,BWT,-0.06740000000000004
cifar224__simplecil__disjoint_baseline__seed2,cifar224,simplecil,disjoint_baseline,2,5,Forgetting,0.06740000000000004
cifar224__simplecil__disjoint_baseline__seed2,cifar224,simplecil,disjoint_baseline,2,5,FWT,0.8684000000000001
cifar224__simplecil__disjoint_baseline__seed2,cifar224,simplecil,disjoint_baseline,2,5,RAG_mean,nan
cifar224__simplecil__disjoint_baseline__seed2,cifar224,simplecil,disjoint_baseline,2,5,Repetition_Gain,nan
cifar224__simplecil__disjoint_baseline__seed2,cifar224,simplecil,disjoint_baseline,2,6,A_t,0.7934285714285715
cifar224__simplecil__disjoint_baseline__seed2,cifar224,simplecil,disjoint_baseline,2,6,AIA,0.8484207482993199
cifar224__simplecil__disjoint_baseline__seed2,cifar224,simplecil,disjoint_baseline,2,6,BWT,-0.06633333333333331
cifar224__simplecil__disjoint_baseline__seed2,cifar224,simplecil,disjoint_baseline,2,6,Forgetting,0.06633333333333331
cifar224__simplecil__disjoint_baseline__seed2,cifar224,simplecil,disjoint_baseline,2,6,FWT,0.8521666666666667
cifar224__simplecil__disjoint_baseline__seed2,cifar224,simplecil,disjoint_baseline,2,6,RAG_mean,nan
cifar224__simplecil__disjoint_baseline__seed2,cifar224,simplecil,disjoint_baseline,2,6,Repetition_Gain,nan
cifar224__simplecil__disjoint_baseline__seed2,cifar224,simplecil,disjoint_baseline,2,7,A_t,0.771625
cifar224__simplecil__disjoint_baseline__seed2,cifar224,simplecil,disjoint_baseline,2,7,AIA,0.8388212797619048
cifar224__simplecil__disjoint_baseline__seed2,cifar224,simplecil,disjoint_baseline,2,7,BWT,-0.07057142857142862
cifar224__simplecil__disjoint_baseline__seed2,cifar224,simplecil,disjoint_baseline,2,7,Forgetting,0.07057142857142862
cifar224__simplecil__disjoint_baseline__seed2,cifar224,simplecil,disjoint_baseline,2,7,FWT,0.8502857142857144
cifar224__simplecil__disjoint_baseline__seed2,cifar224,simplecil,disjoint_baseline,2,7,RAG_mean,nan
cifar224__simplecil__disjoint_baseline__seed2,cifar224,simplecil,disjoint_baseline,2,7,Repetition_Gain,nan
cifar224__simplecil__disjoint_baseline__seed2,cifar224,simplecil,disjoint_baseline,2,8,A_t,0.7600000000000001
cifar224__simplecil__disjoint_baseline__seed2,cifar224,simplecil,disjoint_baseline,2,8,AIA,0.8300633597883598
cifar224__simplecil__disjoint_baseline__seed2,cifar224,simplecil,disjoint_baseline,2,8,BWT,-0.07487500000000004
cifar224__simplecil__disjoint_baseline__seed2,cifar224,simplecil,disjoint_baseline,2,8,Forgetting,0.07487500000000004
cifar224__simplecil__disjoint_baseline__seed2,cifar224,simplecil,disjoint_baseline,2,8,FWT,0.833375
cifar224__simplecil__disjoint_baseline__seed2,cifar224,simplecil,disjoint_baseline,2,8,RAG_mean,nan
cifar224__simplecil__disjoint_baseline__seed2,cifar224,simplecil,disjoint_baseline,2,8,Repetition_Gain,nan
cifar224__simplecil__disjoint_baseline__seed2,cifar224,simplecil,disjoint_baseline,2,9,A_t,0.7537999999999999
cifar224__simplecil__disjoint_baseline__seed2,cifar224,simplecil,disjoint_baseline,2,9,AIA,0.8224370238095238
cifar224__simplecil__disjoint_baseline__seed2,cifar224,simplecil,disjoint_baseline,2,9,BWT,-0.07711111111111119
cifar224__simplecil__disjoint_baseline__seed2,cifar224,simplecil,disjoint_baseline,2,9,Forgetting,0.07711111111111119
cifar224__simplecil__disjoint_baseline__seed2,cifar224,simplecil,disjoint_baseline,2,9,FWT,0.8265555555555556
cifar224__simplecil__disjoint_baseline__seed2,cifar224,simplecil,disjoint_baseline,2,9,RAG_mean,nan
cifar224__simplecil__disjoint_baseline__seed2,cifar224,simplecil,disjoint_baseline,2,9,Repetition_Gain,nan
cifar224__simplecil__disjoint_baseline__seed2,cifar224,simplecil,disjoint_baseline,2,9,Anchor_Retention,nan
cifar224__simplecil__disjoint_baseline__seed2,cifar224,simplecil,disjoint_baseline,2,9,Long_Range_Retention,0.7550000000000001
cifar224__simplecil__disjoint_baseline__seed3,cifar224,simplecil,disjoint_baseline,3,0,A_t,0.931
cifar224__simplecil__disjoint_baseline__seed3,cifar224,simplecil,disjoint_baseline,3,0,AIA,0.931
cifar224__simplecil__disjoint_baseline__seed3,cifar224,simplecil,disjoint_baseline,3,0,BWT,nan
cifar224__simplecil__disjoint_baseline__seed3,cifar224,simplecil,disjoint_baseline,3,0,Forgetting,nan
cifar224__simplecil__disjoint_baseline__seed3,cifar224,simplecil,disjoint_baseline,3,0,FWT,nan
cifar224__simplecil__disjoint_baseline__seed3,cifar224,simplecil,disjoint_baseline,3,0,RAG_mean,nan
cifar224__simplecil__disjoint_baseline__seed3,cifar224,simplecil,disjoint_baseline,3,0,Repetition_Gain,nan
cifar224__simplecil__disjoint_baseline__seed3,cifar224,simplecil,disjoint_baseline,3,1,A_t,0.8879999999999999
cifar224__simplecil__disjoint_baseline__seed3,cifar224,simplecil,disjoint_baseline,3,1,AIA,0.9095
cifar224__simplecil__disjoint_baseline__seed3,cifar224,simplecil,disjoint_baseline,3,1,BWT,-0.03300000000000003
cifar224__simplecil__disjoint_baseline__seed3,cifar224,simplecil,disjoint_baseline,3,1,Forgetting,0.03300000000000003
cifar224__simplecil__disjoint_baseline__seed3,cifar224,simplecil,disjoint_baseline,3,1,FWT,0.931
cifar224__simplecil__disjoint_baseline__seed3,cifar224,simplecil,disjoint_baseline,3,1,RAG_mean,nan
cifar224__simplecil__disjoint_baseline__seed3,cifar224,simplecil,disjoint_baseline,3,1,Repetition_Gain,nan
cifar224__simplecil__disjoint_baseline__seed3,cifar224,simplecil,disjoint_baseline,3,2,A_t,0.8723333333333333
cifar224__simplecil__disjoint_baseline__seed3,cifar224,simplecil,disjoint_baseline,3,2,AIA,0.8971111111111111
cifar224__simplecil__disjoint_baseline__seed3,cifar224,simplecil,disjoint_baseline,3,2,BWT,-0.040999999999999814
cifar224__simplecil__disjoint_baseline__seed3,cifar224,simplecil,disjoint_baseline,3,2,Forgetting,0.040999999999999814
cifar224__simplecil__disjoint_baseline__seed3,cifar224,simplecil,disjoint_baseline,3,2,FWT,0.9045
cifar224__simplecil__disjoint_baseline__seed3,cifar224,simplecil,disjoint_baseline,3,2,RAG_mean,nan
cifar224__simplecil__disjoint_baseline__seed3,cifar224,simplecil,disjoint_baseline,3,2,Repetition_Gain,nan
cifar224__simplecil__disjoint_baseline__seed3,cifar224,simplecil,disjoint_baseline,3,3,A_t,0.83825
cifar224__simplecil__disjoint_baseline__seed3,cifar224,simplecil,disjoint_baseline,3,3,AIA,0.8823958333333333
cifar224__simplecil__disjoint_baseline__seed3,cifar224,simplecil,disjoint_baseline,3,3,BWT,-0.046666666666666634
cifar224__simplecil__disjoint_baseline__seed3,cifar224,simplecil,disjoint_baseline,3,3,Forgetting,0.046666666666666634
cifar224__simplecil__disjoint_baseline__seed3,cifar224,simplecil,disjoint_baseline,3,3,FWT,0.8996666666666666
cifar224__simplecil__disjoint_baseline__seed3,cifar224,simplecil,disjoint_baseline,3,3,RAG_mean,nan
cifar224__simplecil__disjoint_baseline__seed3,cifar224,simplecil,disjoint_baseline,3,3,Repetition_Gain,nan
cifar224__simplecil__disjoint_baseline__seed3,cifar224,simplecil,disjoint_baseline,3,4,A_t,0.8168000000000001
cifar224__simplecil__disjoint_baseline__seed3,cifar224,simplecil,disjoint_baseline,3,4,AIA,0.8692766666666666
cifar224__simplecil__disjoint_baseline__seed3,cifar224,simplecil,disjoint_baseline,3,4,BWT,-0.06524999999999992
cifar224__simplecil__disjoint_baseline__seed3,cifar224,simplecil,disjoint_baseline,3,4,Forgetting,0.06524999999999992
cifar224__simplecil__disjoint_baseline__seed3,cifar224,simplecil,disjoint_baseline,3,4,FWT,0.87325
cifar224__simplecil__disjoint_baseline__seed3,cifar224,simplecil,disjoint_baseline,3,4,RAG_mean,nan
cifar224__simplecil__disjoint_baseline__seed3,cifar224,simplecil,disjoint_baseline,3,4,Repetition_Gain,nan
cifar224__simplecil__disjoint_baseline__seed3,cifar224,simplecil,disjoint_baseline,3,5,A_t,0.7951666666666667
cifar224__simplecil__disjoint_baseline__seed3,cifar224,simplecil,disjoint_baseline,3,5,AIA,0.8569249999999999
cifar224__simplecil__disjoint_baseline__seed3,cifar224,simplecil,disjoint_baseline,3,5,BWT,-0.06939999999999999
cifar224__simplecil__disjoint_baseline__seed3,cifar224,simplecil,disjoint_baseline,3,5,Forgetting,0.06939999999999999
cifar224__simplecil__disjoint_baseline__seed3,cifar224,simplecil,disjoint_baseline,3,5,FWT,0.869
cifar224__simplecil__disjoint_baseline__seed3,cifar224,simplecil,disjoint_baseline,3,5,RAG_mean,nan
cifar224__simplecil__disjoint_baseline__seed3,cifar224,simplecil,disjoint_baseline,3,5,Repetition_Gain,nan
cifar224__simplecil__disjoint_baseline__seed3,cifar224,simplecil,disjoint_baseline,3,6,A_t,0.7927142857142856
cifar224__simplecil__disjoint_baseline__seed3,cifar224,simplecil,disjoint_baseline,3,6,AIA,0.8477520408163264
cifar224__simplecil__disjoint_baseline__seed3,cifar224,simplecil,disjoint_baseline,3,6,BWT,-0.06899999999999995
cifar224__simplecil__disjoint_baseline__seed3,cifar224,simplecil,disjoint_baseline,3,6,Forgetting,0.06899999999999995
cifar224__simplecil__disjoint_baseline__seed3,cifar224,simplecil,disjoint_baseline,3,6,FWT,0.8529999999999999
cifar224__simplecil__disjoint_baseline__seed3,cifar224,simplecil,disjoint_baseline,3,6,RAG_mean,nan
cifar224__simplecil__disjoint_baseline__seed3,cifar224,simplecil,disjoint_baseline,3,6,Repetition_Gain,nan
cifar224__simplecil__disjoint_baseline__seed3,cifar224,simplecil,disjoint_baseline,3,7,A_t,0.7718749999999999
cifar224__simplecil__disjoint_baseline__seed3,cifar224,simplecil,disjoint_baseline,3,7,AIA,0.8382674107142857
cifar224__simplecil__disjoint_baseline__seed3,cifar224,simplecil,disjoint_baseline,3,7,BWT,-0.07328571428571426
cifar224__simplecil__disjoint_baseline__seed3,cifar224,simplecil,disjoint_baseline,3,7,Forgetting,0.07328571428571426
cifar224__simplecil__disjoint_baseline__seed3,cifar224,simplecil,disjoint_baseline,3,7,FWT,0.8518571428571428
cifar224__simplecil__disjoint_baseline__seed3,cifar224,simplecil,disjoint_baseline,3,7,RAG_mean,nan
cifar224__simplecil__disjoint_baseline__seed3,cifar224,simplecil,disjoint_baseline,3,7,Repetition_Gain,nan
cifar224__simplecil__disjoint_baseline__seed3,cifar224,simplecil,disjoint_baseline,3,8,A_t,0.7603333333333333
cifar224__simplecil__disjoint_baseline__seed3,cifar224,simplecil,disjoint_baseline,3,8,AIA,0.8296080687830688
cifar224__simplecil__disjoint_baseline__seed3,cifar224,simplecil,disjoint_baseline,3,8,BWT,-0.07712499999999997
cifar224__simplecil__disjoint_baseline__seed3,cifar224,simplecil,disjoint_baseline,3,8,Forgetting,0.07712499999999997
cifar224__simplecil__disjoint_baseline__seed3,cifar224,simplecil,disjoint_baseline,3,8,FWT,0.836
cifar224__simplecil__disjoint_baseline__seed3,cifar224,simplecil,disjoint_baseline,3,8,RAG_mean,nan
cifar224__simplecil__disjoint_baseline__seed3,cifar224,simplecil,disjoint_baseline,3,8,Repetition_Gain,nan
cifar224__simplecil__disjoint_baseline__seed3,cifar224,simplecil,disjoint_baseline,3,9,A_t,0.7545000000000001
cifar224__simplecil__disjoint_baseline__seed3,cifar224,simplecil,disjoint_baseline,3,9,AIA,0.8220972619047618
cifar224__simplecil__disjoint_baseline__seed3,cifar224,simplecil,disjoint_baseline,3,9,BWT,-0.07911111111111103
cifar224__simplecil__disjoint_baseline__seed3,cifar224,simplecil,disjoint_baseline,3,9,Forgetting,0.07911111111111103
cifar224__simplecil__disjoint_baseline__seed3,cifar224,simplecil,disjoint_baseline,3,9,FWT,0.8288888888888889
cifar224__simplecil__disjoint_baseline__seed3,cifar224,simplecil,disjoint_baseline,3,9,RAG_mean,nan
cifar224__simplecil__disjoint_baseline__seed3,cifar224,simplecil,disjoint_baseline,3,9,Repetition_Gain,nan
cifar224__simplecil__disjoint_baseline__seed3,cifar224,simplecil,disjoint_baseline,3,9,Anchor_Retention,nan
cifar224__simplecil__disjoint_baseline__seed3,cifar224,simplecil,disjoint_baseline,3,9,Long_Range_Retention,0.7550000000000001
cifar224__simplecil__distribution_shift__seed1,cifar224,simplecil,distribution_shift,1,0,A_t,0.932
cifar224__simplecil__distribution_shift__seed1,cifar224,simplecil,distribution_shift,1,0,AIA,0.932
cifar224__simplecil__distribution_shift__seed1,cifar224,simplecil,distribution_shift,1,0,BWT,nan
cifar224__simplecil__distribution_shift__seed1,cifar224,simplecil,distribution_shift,1,0,Forgetting,nan
cifar224__simplecil__distribution_shift__seed1,cifar224,simplecil,distribution_shift,1,0,FWT,nan
cifar224__simplecil__distribution_shift__seed1,cifar224,simplecil,distribution_shift,1,0,RAG_mean,nan
cifar224__simplecil__distribution_shift__seed1,cifar224,simplecil,distribution_shift,1,0,Repetition_Gain,nan
cifar224__simplecil__distribution_shift__seed1,cifar224,simplecil,distribution_shift,1,1,A_t,0.889
cifar224__simplecil__distribution_shift__seed1,cifar224,simplecil,distribution_shift,1,1,AIA,0.9105000000000001
cifar224__simplecil__distribution_shift__seed1,cifar224,simplecil,distribution_shift,1,1,BWT,-0.031000000000000028
cifar224__simplecil__distribution_shift__seed1,cifar224,simplecil,distribution_shift,1,1,Forgetting,0.031000000000000028
cifar224__simplecil__distribution_shift__seed1,cifar224,simplecil,distribution_shift,1,1,FWT,0.932
cifar224__simplecil__distribution_shift__seed1,cifar224,simplecil,distribution_shift,1,1,RAG_mean,nan
cifar224__simplecil__distribution_shift__seed1,cifar224,simplecil,distribution_shift,1,1,Repetition_Gain,nan
cifar224__simplecil__distribution_shift__seed1,cifar224,simplecil,distribution_shift,1,2,A_t,0.875
cifar224__simplecil__distribution_shift__seed1,cifar224,simplecil,distribution_shift,1,2,AIA,0.8986666666666667
cifar224__simplecil__distribution_shift__seed1,cifar224,simplecil,distribution_shift,1,2,BWT,-0.04050000000000009
cifar224__simplecil__distribution_shift__seed1,cifar224,simplecil,distribution_shift,1,2,Forgetting,0.04050000000000009
cifar224__simplecil__distribution_shift__seed1,cifar224,simplecil,distribution_shift,1,2,FWT,0.9045000000000001
cifar224__simplecil__distribution_shift__seed1,cifar224,simplecil,distribution_shift,1,2,RAG_mean,nan
cifar224__simplecil__distribution_shift__seed1,cifar224,simplecil,distribution_shift,1,2,Repetition_Gain,nan
cifar224__simplecil__distribution_shift__seed1,cifar224,simplecil,distribution_shift,1,3,A_t,0.84125
cifar224__simplecil__distribution_shift__seed1,cifar224,simplecil,distribution_shift,1,3,AIA,0.8843125000000001
cifar224__simplecil__distribution_shift__seed1,cifar224,simplecil,distribution_shift,1,3,BWT,-0.04533333333333337
cifar224__simplecil__distribution_shift__seed1,cifar224,simplecil,distribution_shift,1,3,Forgetting,0.04533333333333337
cifar224__simplecil__distribution_shift__seed1,cifar224,simplecil,distribution_shift,1,3,FWT,0.9020000000000001
cifar224__simplecil__distribution_shift__seed1,cifar224,simplecil,distribution_shift,1,3,RAG_mean,nan
cifar224__simplecil__distribution_shift__seed1,cifar224,simplecil,distribution_shift,1,3,Repetition_Gain,nan
cifar224__simplecil__distribution_shift__seed1,cifar224,simplecil,distribution_shift,1,4,A_t,0.8192000000000002
cifar224__simplecil__distribution_shift__seed1,cifar224,simplecil,distribution_shift,1,4,AIA,0.8712900000000001
cifar224__simplecil__distribution_shift__seed1,cifar224,simplecil,distribution_shift,1,4,BWT,-0.06424999999999997
cifar224__simplecil__distribution_shift__seed1,cifar224,simplecil,distribution_shift,1,4,Forgetting,0.06424999999999997
cifar224__simplecil__distribution_shift__seed1,cifar224,simplecil,distribution_shift,1,4,FWT,0.8752500000000001
cifar224__simplecil__distribution_shift__seed1,cifar224,simplecil,distribution_shift,1,4,RAG_mean,nan
cifar224__simplecil__distribution_shift__seed1,cifar224,simplecil,distribution_shift,1,4,Repetition_Gain,nan
cifar224__simplecil__distribution_shift__seed1,cifar224,simplecil,distribution_shift,1,5,A_t,0.7970000000000002
cifar224__simplecil__distribution_shift__seed1,cifar224,simplecil,distribution_shift,1,5,AIA,0.8589083333333335
cifar224__simplecil__distribution_shift__seed1,cifar224,simplecil,distribution_shift,1,5,BWT,-0.06760000000000002
cifar224__simplecil__distribution_shift__seed1,cifar224,simplecil,distribution_shift,1,5,Forgetting,0.06760000000000002
cifar224__simplecil__distribution_shift__seed1,cifar224,simplecil,distribution_shift,1,5,FWT,0.8706000000000002
cifar224__simplecil__distribution_shift__seed1,cifar224,simplecil,distribution_shift,1,5,RAG_mean,nan
cifar224__simplecil__distribution_shift__seed1,cifar224,simplecil,distribution_shift,1,5,Repetition_Gain,nan
cifar224__simplecil__distribution_shift__seed1,cifar224,simplecil,distribution_shift,1,6,A_t,0.7945714285714286
cifar224__simplecil__distribution_shift__seed1,cifar224,simplecil,distribution_shift,1,6,AIA,0.8497173469387757
cifar224__simplecil__distribution_shift__seed1,cifar224,simplecil,distribution_shift,1,6,BWT,-0.06700000000000002
cifar224__simplecil__distribution_shift__seed1,cifar224,simplecil,distribution_shift,1,6,Forgetting,0.06700000000000002
cifar224__simplecil__distribution_shift__seed1,cifar224,simplecil,distribution_shift,1,6,FWT,0.8533333333333335
cifar224__simplecil__distribution_shift__seed1,cifar224,simplecil,distribution_shift,1,6,RAG_mean,nan
cifar224__simplecil__distribution_shift__seed1,cifar224,simplecil,distribution_shift,1,6,Repetition_Gain,nan
cifar224__simplecil__distribution_shift__seed1,cifar224,simplecil,distribution_shift,1,7,A_t,0.7735000000000001
cifar224__simplecil__distribution_shift__seed1,cifar224,simplecil,distribution_shift,1,7,AIA,0.8401901785714286
cifar224__simplecil__distribution_shift__seed1,cifar224,simplecil,distribution_shift,1,7,BWT,-0.072
cifar224__simplecil__distribution_shift__seed1,cifar224,simplecil,distribution_shift,1,7,Forgetting,0.072
cifar224__simplecil__distribution_shift__seed1,cifar224,simplecil,distribution_shift,1,7,FWT,0.8520000000000002
cifar224__simplecil__distribution_shift__seed1,cifar224,simplecil,distribution_shift,1,7,RAG_mean,nan
cifar224__simplecil__distribution_shift__seed1,cifar224,simplecil,distribution_shift,1,7,Repetition_Gain,nan
cifar224__simplecil__distribution_shift__seed1,cifar224,simplecil,distribution_shift,1,8,A_t,0.7602222222222222
cifar224__simplecil__distribution_shift__seed1,cifar224,simplecil,distribution_shift,1,8,AIA,0.8313048500881836
cifar224__simplecil__distribution_shift__seed1,cifar224,simplecil,distribution_shift,1,8,BWT,-0.07737500000000001
cifar224__simplecil__distribution_shift__seed1,cifar224,simplecil,distribution_shift,1,8,Forgetting,0.07737500000000001
cifar224__simplecil__distribution_shift__seed1,cifar224,simplecil,distribution_shift,1,8,FWT,0.8365
cifar224__simplecil__distribution_shift__seed1,cifar224,simplecil,distribution_shift,1,8,RAG_mean,nan
cifar224__simplecil__distribution_shift__seed1,cifar224,simplecil,distribution_shift,1,8,Repetition_Gain,nan
cifar224__simplecil__distribution_shift__seed1,cifar224,simplecil,distribution_shift,1,9,A_t,0.7580285714285714
cifar224__simplecil__distribution_shift__seed1,cifar224,simplecil,distribution_shift,1,9,AIA,0.8239772222222224
cifar224__simplecil__distribution_shift__seed1,cifar224,simplecil,distribution_shift,1,9,BWT,-0.07722222222222226
cifar224__simplecil__distribution_shift__seed1,cifar224,simplecil,distribution_shift,1,9,Forgetting,0.07722222222222226
cifar224__simplecil__distribution_shift__seed1,cifar224,simplecil,distribution_shift,1,9,FWT,0.8290000000000001
cifar224__simplecil__distribution_shift__seed1,cifar224,simplecil,distribution_shift,1,9,RAG_mean,-0.12333333333333334
cifar224__simplecil__distribution_shift__seed1,cifar224,simplecil,distribution_shift,1,9,Repetition_Gain,0.0023809523809522615
cifar224__simplecil__distribution_shift__seed1,cifar224,simplecil,distribution_shift,1,9,Anchor_Retention,nan
cifar224__simplecil__distribution_shift__seed1,cifar224,simplecil,distribution_shift,1,9,Long_Range_Retention,0.758
cifar224__simplecil__distribution_shift__seed2,cifar224,simplecil,distribution_shift,2,0,A_t,0.933
cifar224__simplecil__distribution_shift__seed2,cifar224,simplecil,distribution_shift,2,0,AIA,0.933
cifar224__simplecil__distribution_shift__seed2,cifar224,simplecil,distribution_shift,2,0,BWT,nan
cifar224__simplecil__distribution_shift__seed2,cifar224,simplecil,distribution_shift,2,0,Forgetting,nan
cifar224__simplecil__distribution_shift__seed2,cifar224,simplecil,distribution_shift,2,0,FWT,nan
cifar224__simplecil__distribution_shift__seed2,cifar224,simplecil,distribution_shift,2,0,RAG_mean,nan
cifar224__simplecil__distribution_shift__seed2,cifar224,simplecil,distribution_shift,2,0,Repetition_Gain,nan
cifar224__simplecil__distribution_shift__seed2,cifar224,simplecil,distribution_shift,2,1,A_t,0.8885000000000001
cifar224__simplecil__distribution_shift__seed2,cifar224,simplecil,distribution_shift,2,1,AIA,0.9107500000000001
cifar224__simplecil__distribution_shift__seed2,cifar224,simplecil,distribution_shift,2,1,BWT,-0.03300000000000003
cifar224__simplecil__distribution_shift__seed2,cifar224,simplecil,distribution_shift,2,1,Forgetting,0.03300000000000003
cifar224__simplecil__distribution_shift__seed2,cifar224,simplecil,distribution_shift,2,1,FWT,0.933
cifar224__simplecil__distribution_shift__seed2,cifar224,simplecil,distribution_shift,2,1,RAG_mean,nan
cifar224__simplecil__distribution_shift__seed2,cifar224,simplecil,distribution_shift,2,1,Repetition_Gain,nan
cifar224__simplecil__distribution_shift__seed2,cifar224,simplecil,distribution_shift,2,2,A_t,0.874
cifar224__simplecil__distribution_shift__seed2,cifar224,simplecil,distribution_shift,2,2,AIA,0.8985
cifar224__simplecil__distribution_shift__seed2,cifar224,simplecil,distribution_shift,2,2,BWT,-0.04049999999999998
cifar224__simplecil__distribution_shift__seed2,cifar224,simplecil,distribution_shift,2,2,Forgetting,0.04049999999999998
cifar224__simplecil__distribution_shift__seed2,cifar224,simplecil,distribution_shift,2,2,FWT,0.905
cifar224__simplecil__distribution_shift__seed2,cifar224,simplecil,distribution_shift,2,2,RAG_mean,nan
cifar224__simplecil__distribution_shift__seed2,cifar224,simplecil,distribution_shift,2,2,Repetition_Gain,nan
cifar224__simplecil__distribution_shift__seed2,cifar224,simplecil,distribution_shift,2,3,A_t,0.8402499999999999
cifar224__simplecil__distribution_shift__seed2,cifar224,simplecil,distribution_shift,2,3,AIA,0.8839375
cifar224__simplecil__distribution_shift__seed2,cifar224,simplecil,distribution_shift,2,3,BWT,-0.04733333333333334
cifar224__simplecil__distribution_shift__seed2,cifar224,simplecil,distribution_shift,2,3,Forgetting,0.04733333333333334
cifar224__simplecil__distribution_shift__seed2,cifar224,simplecil,distribution_shift,2,3,FWT,0.9010000000000001
cifar224__simplecil__distribution_shift__seed2,cifar224,simplecil,distribution_shift,2,3,RAG_mean,nan
cifar224__simplecil__distribution_shift__seed2,cifar224,simplecil,distribution_shift,2,3,Repetition_Gain,nan
cifar224__simplecil__distribution_shift__seed2,cifar224,simplecil,distribution_shift,2,4,A_t,0.8183999999999999
cifar224__simplecil__distribution_shift__seed2,cifar224,simplecil,distribution_shift,2,4,AIA,0.87083
cifar224__simplecil__distribution_shift__seed2,cifar224,simplecil,distribution_shift,2,4,BWT,-0.06524999999999997
cifar224__simplecil__distribution_shift__seed2,cifar224,simplecil,distribution_shift,2,4,Forgetting,0.06524999999999997
cifar224__simplecil__distribution_shift__seed2,cifar224,simplecil,distribution_shift,2,4,FWT,0.87575
cifar224__simplecil__distribution_shift__seed2,cifar224,simplecil,distribution_shift,2,4,RAG_mean,nan
cifar224__simplecil__distribution_shift__seed2,cifar224,simplecil,distribution_shift,2,4,Repetition_Gain,nan
cifar224__simplecil__distribution_shift__seed2,cifar224,simplecil,distribution_shift,2,5,A_t,0.7948333333333334
cifar224__simplecil__distribution_shift__seed2,cifar224,simplecil,distribution_shift,2,5,AIA,0.8581638888888888
cifar224__simplecil__distribution_shift__seed2,cifar224,simplecil,distribution_shift,2,5,BWT,-0.06980000000000006
cifar224__simplecil__distribution_shift__seed2,cifar224,simplecil,distribution_shift,2,5,Forgetting,0.06980000000000006
cifar224__simplecil__distribution_shift__seed2,cifar224,simplecil,distribution_shift,2,5,FWT,0.8705999999999999
cifar224__simplecil__distribution_shift__seed2,cifar224,simplecil,distribution_shift,2,5,RAG_mean,nan
cifar224__simplecil__distribution_shift__seed2,cifar224,simplecil,distribution_shift,2,5,Repetition_Gain,nan
cifar224__simplecil__distribution_shift__seed2,cifar224,simplecil,distribution_shift,2,6,A_t,0.7921428571428573
cifar224__simplecil__distribution_shift__seed2,cifar224,simplecil,distribution_shift,2,6,AIA,0.84873231292517
cifar224__simplecil__distribution_shift__seed2,cifar224,simplecil,distribution_shift,2,6,BWT,-0.06900000000000002
cifar224__simplecil__distribution_shift__seed2,cifar224,simplecil,distribution_shift,2,6,Forgetting,0.06900000000000002
cifar224__simplecil__distribution_shift__seed2,cifar224,simplecil,distribution_shift,2,6,FWT,0.8530000000000001
cifar224__simplecil__distribution_shift__seed2,cifar224,simplecil,distribution_shift,2,6,RAG_mean,nan
cifar224__simplecil__distribution_shift__seed2,cifar224,simplecil,distribution_shift,2,6,Repetition_Gain,nan
cifar224__simplecil__distribution_shift__seed2,cifar224,simplecil,distribution_shift,2,7,A_t,0.771875
cifar224__simplecil__distribution_shift__seed2,cifar224,simplecil,distribution_shift,2,7,AIA,0.8391251488095238
cifar224__simplecil__distribution_shift__seed2,cifar224,simplecil,distribution_shift,2,7,BWT,-0.07271428571428573
cifar224__simplecil__distribution_shift__seed2,cifar224,simplecil,distribution_shift,2,7,Forgetting,0.07271428571428573
cifar224__simplecil__distribution_shift__seed2,cifar224,simplecil,distribution_shift,2,7,FWT,0.8512857142857143
cifar224__simplecil__distribution_shift__seed2,cifar224,simplecil,distribution_shift,2,7,RAG_mean,nan
cifar224__simplecil__distribution_shift__seed2,cifar224,simplecil,distribution_shift,2,7,Repetition_Gain,nan
cifar224__simplecil__distribution_shift__seed2,cifar224,simplecil,distribution_shift,2,8,A_t,0.7601111111111112
cifar224__simplecil__distribution_shift__seed2,cifar224,simplecil,distribution_shift,2,8,AIA,0.830345811287478
cifar224__simplecil__distribution_shift__seed2,cifar224,simplecil,distribution_shift,2,8,BWT,-0.07762500000000006
cifar224__simplecil__distribution_shift__seed2,cifar224,simplecil,distribution_shift,2,8,Forgetting,0.07762500000000006
cifar224__simplecil__distribution_shift__seed2,cifar224,simplecil,distribution_shift,2,8,FWT,0.8355
cifar224__simplecil__distribution_shift__seed2,cifar224,simplecil,distribution_shift,2,8,RAG_mean,nan
cifar224__simplecil__distribution_shift__seed2,cifar224,simplecil,distribution_shift,2,8,Repetition_Gain,nan
cifar224__simplecil__distribution_shift__seed2,cifar224,simplecil,distribution_shift,2,9,A_t,0.7594857142857143
cifar224__simplecil__distribution_shift__seed2,cifar224,simplecil,distribution_shift,2,9,AIA,0.8232598015873016
cifar224__simplecil__distribution_shift__seed2,cifar224,simplecil,distribution_shift,2,9,BWT,-0.07555555555555561
cifar224__simplecil__distribution_shift__seed2,cifar224,simplecil,distribution_shift,2,9,Forgetting,0.07555555555555561
cifar224__simplecil__distribution_shift__seed2,cifar224,simplecil,distribution_shift,2,9,FWT,0.8291111111111111
cifar224__simplecil__distribution_shift__seed2,cifar224,simplecil,distribution_shift,2,9,RAG_mean,-0.12333333333333334
cifar224__simplecil__distribution_shift__seed2,cifar224,simplecil,distribution_shift,2,9,Repetition_Gain,0.010476190476190417
cifar224__simplecil__distribution_shift__seed2,cifar224,simplecil,distribution_shift,2,9,Anchor_Retention,nan
cifar224__simplecil__distribution_shift__seed2,cifar224,simplecil,distribution_shift,2,9,Long_Range_Retention,0.76
cifar224__simplecil__distribution_shift__seed3,cifar224,simplecil,distribution_shift,3,0,A_t,0.9299999999999999
cifar224__simplecil__distribution_shift__seed3,cifar224,simplecil,distribution_shift,3,0,AIA,0.9299999999999999
cifar224__simplecil__distribution_shift__seed3,cifar224,simplecil,distribution_shift,3,0,BWT,nan
cifar224__simplecil__distribution_shift__seed3,cifar224,simplecil,distribution_shift,3,0,Forgetting,nan
cifar224__simplecil__distribution_shift__seed3,cifar224,simplecil,distribution_shift,3,0,FWT,nan
cifar224__simplecil__distribution_shift__seed3,cifar224,simplecil,distribution_shift,3,0,RAG_mean,nan
cifar224__simplecil__distribution_shift__seed3,cifar224,simplecil,distribution_shift,3,0,Repetition_Gain,nan
cifar224__simplecil__distribution_shift__seed3,cifar224,simplecil,distribution_shift,3,1,A_t,0.887
cifar224__simplecil__distribution_shift__seed3,cifar224,simplecil,distribution_shift,3,1,AIA,0.9085
cifar224__simplecil__distribution_shift__seed3,cifar224,simplecil,distribution_shift,3,1,BWT,-0.03400000000000003
cifar224__simplecil__distribution_shift__seed3,cifar224,simplecil,distribution_shift,3,1,Forgetting,0.03400000000000003
cifar224__simplecil__distribution_shift__seed3,cifar224,simplecil,distribution_shift,3,1,FWT,0.9299999999999999
cifar224__simplecil__distribution_shift__seed3,cifar224,simplecil,distribution_shift,3,1,RAG_mean,nan
cifar224__simplecil__distribution_shift__seed3,cifar224,simplecil,distribution_shift,3,1,Repetition_Gain,nan
cifar224__simplecil__distribution_shift__seed3,cifar224,simplecil,distribution_shift,3,2,A_t,0.8720000000000002
cifar224__simplecil__distribution_shift__seed3,cifar224,simplecil,distribution_shift,3,2,AIA,0.8963333333333333
cifar224__simplecil__distribution_shift__seed3,cifar224,simplecil,distribution_shift,3,2,BWT,-0.04249999999999993
cifar224__simplecil__distribution_shift__seed3,cifar224,simplecil,distribution_shift,3,2,Forgetting,0.04249999999999993
cifar224__simplecil__distribution_shift__seed3,cifar224,simplecil,distribution_shift,3,2,FWT,0.904
cifar224__simplecil__distribution_shift__seed3,cifar224,simplecil,distribution_shift,3,2,RAG_mean,nan
cifar224__simplecil__distribution_shift__seed3,cifar224,simplecil,distribution_shift,3,2,Repetition_Gain,nan
cifar224__simplecil__distribution_shift__seed3,cifar224,simplecil,distribution_shift,3,3,A_t,0.8395
cifar224__simplecil__distribution_shift__seed3,cifar224,simplecil,distribution_shift,3,3,AIA,0.882125
cifar224__simplecil__distribution_shift__seed3,cifar224,simplecil,distribution_shift,3,3,BWT,-0.0466666666666666
cifar224__simplecil__distribution_shift__seed3,cifar224,simplecil,distribution_shift,3,3,Forgetting,0.0466666666666666
cifar224__simplecil__distribution_shift__seed3,cifar224,simplecil,distribution_shift,3,3,FWT,0.9003333333333333
cifar224__simplecil__distribution_shift__seed3,cifar224,simplecil,distribution_shift,3,3,RAG_mean,nan
cifar224__simplecil__distribution_shift__seed3,cifar224,simplecil,distribution_shift,3,3,Repetition_Gain,nan
cifar224__simplecil__distribution_shift__seed3,cifar224,simplecil,distribution_shift,3,4,A_t,0.8172
cifar224__simplecil__distribution_shift__seed3,cifar224,simplecil,distribution_shift,3,4,AIA,0.86914
cifar224__simplecil__distribution_shift__seed3,cifar224,simplecil,distribution_shift,3,4,BWT,-0.06549999999999997
cifar224__simplecil__distribution_shift__seed3,cifar224,simplecil,distribution_shift,3,4,Forgetting,0.06549999999999997
cifar224__simplecil__distribution_shift__seed3,cifar224,simplecil,distribution_shift,3,4,FWT,0.8745
cifar224__simplecil__distribution_shift__seed3,cifar224,simplecil,distribution_shift,3,4,RAG_mean,nan
cifar224__simplecil__distribution_shift__seed3,cifar224,simplecil,distribution_shift,3,4,Repetition_Gain,nan
cifar224__simplecil__distribution_shift__seed3,cifar224,simplecil,distribution_shift,3,5,A_t,0.7965
cifar224__simplecil__distribution_shift__seed3,cifar224,simplecil,distribution_shift,3,5,AIA,0.8570333333333333
cifar224__simplecil__distribution_shift__seed3,cifar224,simplecil,distribution_shift,3,5,BWT,-0.06820000000000004
cifar224__simplecil__distribution_shift__seed3,cifar224,simplecil,distribution_shift,3,5,Forgetting,0.06820000000000004
cifar224__simplecil__distribution_shift__seed3,cifar224,simplecil,distribution_shift,3,5,FWT,0.8695999999999999
cifar224__simplecil__distribution_shift__seed3,cifar224,simplecil,distribution_shift,3,5,RAG_mean,nan
cifar224__simplecil__distribution_shift__seed3,cifar224,simplecil,distribution_shift,3,5,Repetition_Gain,nan
cifar224__simplecil__distribution_shift__seed3,cifar224,simplecil,distribution_shift,3,6,A_t,0.7938571428571428
cifar224__simplecil__distribution_shift__seed3,cifar224,simplecil,distribution_shift,3,6,AIA,0.8480081632653061
cifar224__simplecil__distribution_shift__seed3,cifar224,simplecil,distribution_shift,3,6,BWT,-0.06800000000000002
cifar224__simplecil__distribution_shift__seed3,cifar224,simplecil,distribution_shift,3,6,Forgetting,0.06800000000000002
cifar224__simplecil__distribution_shift__seed3,cifar224,simplecil,distribution_shift,3,6,FWT,0.8533333333333334
cifar224__simplecil__distribution_shift__seed3,cifar224,simplecil,distribution_shift,3,6,RAG_mean,nan
cifar224__simplecil__distribution_shift__seed3,cifar224,simplecil,distribution_shift,3,6,Repetition_Gain,nan
cifar224__simplecil__distribution_shift__seed3,cifar224,simplecil,distribution_shift,3,7,A_t,0.772125
cifar224__simplecil__distribution_shift__seed3,cifar224,simplecil,distribution_shift,3,7,AIA,0.8385227678571429
cifar224__simplecil__distribution_shift__seed3,cifar224,simplecil,distribution_shift,3,7,BWT,-0.073
cifar224__simplecil__distribution_shift__seed3,cifar224,simplecil,distribution_shift,3,7,Forgetting,0.073
cifar224__simplecil__distribution_shift__seed3,cifar224,simplecil,distribution_shift,3,7,FWT,0.8521428571428571
cifar224__simplecil__distribution_shift__seed3,cifar224,simplecil,distribution_shift,3,7,RAG_mean,nan
cifar224__simplecil__distribution_shift__seed3,cifar224,simplecil,distribution_shift,3,7,Repetition_Gain,nan
cifar224__simplecil__distribution_shift__seed3,cifar224,simplecil,distribution_shift,3,8,A_t,0.7602222222222221
cifar224__simplecil__distribution_shift__seed3,cifar224,simplecil,distribution_shift,3,8,AIA,0.8298227072310406
cifar224__simplecil__distribution_shift__seed3,cifar224,simplecil,distribution_shift,3,8,BWT,-0.077125
cifar224__simplecil__distribution_shift__seed3,cifar224,simplecil,distribution_shift,3,8,Forgetting,0.077125
cifar224__simplecil__distribution_shift__seed3,cifar224,simplecil,distribution_shift,3,8,FWT,0.8360000000000001
cifar224__simplecil__distribution_shift__seed3,cifar224,simplecil,distribution_shift,3,8,RAG_mean,nan
cifar224__simplecil__distribution_shift__seed3,cifar224,simplecil,distribution_shift,3,8,Repetition_Gain,nan
cifar224__simplecil__distribution_shift__seed3,cifar224,simplecil,distribution_shift,3,9,A_t,0.7586428571428572
cifar224__simplecil__distribution_shift__seed3,cifar224,simplecil,distribution_shift,3,9,AIA,0.8227047222222221
cifar224__simplecil__distribution_shift__seed3,cifar224,simplecil,distribution_shift,3,9,BWT,-0.07600000000000001
cifar224__simplecil__distribution_shift__seed3,cifar224,simplecil,distribution_shift,3,9,Forgetting,0.07600000000000001
cifar224__simplecil__distribution_shift__seed3,cifar224,simplecil,distribution_shift,3,9,FWT,0.8287777777777778
cifar224__simplecil__distribution_shift__seed3,cifar224,simplecil,distribution_shift,3,9,RAG_mean,-0.11333333333333333
cifar224__simplecil__distribution_shift__seed3,cifar224,simplecil,distribution_shift,3,9,Repetition_Gain,0.008571428571428563
cifar224__simplecil__distribution_shift__seed3,cifar224,simplecil,distribution_shift,3,9,Anchor_Retention,nan
cifar224__simplecil__distribution_shift__seed3,cifar224,simplecil,distribution_shift,3,9,Long_Range_Retention,0.7579999999999999
cifar224__simplecil__exact_replay__seed1,cifar224,simplecil,exact_replay,1,0,A_t,0.932
cifar224__simplecil__exact_replay__seed1,cifar224,simplecil,exact_replay,1,0,AIA,0.932
cifar224__simplecil__exact_replay__seed1,cifar224,simplecil,exact_replay,1,0,BWT,nan
cifar224__simplecil__exact_replay__seed1,cifar224,simplecil,exact_replay,1,0,Forgetting,nan
cifar224__simplecil__exact_replay__seed1,cifar224,simplecil,exact_replay,1,0,FWT,nan
cifar224__simplecil__exact_replay__seed1,cifar224,simplecil,exact_replay,1,0,RAG_mean,nan
cifar224__simplecil__exact_replay__seed1,cifar224,simplecil,exact_replay,1,0,Repetition_Gain,nan
cifar224__simplecil__exact_replay__seed1,cifar224,simplecil,exact_replay,1,1,A_t,0.8885
cifar224__simplecil__exact_replay__seed1,cifar224,simplecil,exact_replay,1,1,AIA,0.91025
cifar224__simplecil__exact_replay__seed1,cifar224,simplecil,exact_replay,1,1,BWT,-0.03300000000000003
cifar224__simplecil__exact_replay__seed1,cifar224,simplecil,exact_replay,1,1,Forgetting,0.03300000000000003
cifar224__simplecil__exact_replay__seed1,cifar224,simplecil,exact_replay,1,1,FWT,0.932
cifar224__simplecil__exact_replay__seed1,cifar224,simplecil,exact_replay,1,1,RAG_mean,nan
cifar224__simplecil__exact_replay__seed1,cifar224,simplecil,exact_replay,1,1,Repetition_Gain,nan
cifar224__simplecil__exact_replay__seed1,cifar224,simplecil,exact_replay,1,2,A_t,0.8743333333333334
cifar224__simplecil__exact_replay__seed1,cifar224,simplecil,exact_replay,1,2,AIA,0.8982777777777778
cifar224__simplecil__exact_replay__seed1,cifar224,simplecil,exact_replay,1,2,BWT,-0.038999999999999924
cifar224__simplecil__exact_replay__seed1,cifar224,simplecil,exact_replay,1,2,Forgetting,0.038999999999999924
cifar224__simplecil__exact_replay__seed1,cifar224,simplecil,exact_replay,1,2,FWT,0.905
cifar224__simplecil__exact_replay__seed1,cifar224,simplecil,exact_replay,1,2,RAG_mean,nan
cifar224__simplecil__exact_replay__seed1,cifar224,simplecil,exact_replay,1,2,Repetition_Gain,nan
cifar224__simplecil__exact_replay__seed1,cifar224,simplecil,exact_replay,1,3,A_t,0.8385
cifar224__simplecil__exact_replay__seed1,cifar224,simplecil,exact_replay,1,3,AIA,0.8833333333333333
cifar224__simplecil__exact_replay__seed1,cifar224,simplecil,exact_replay,1,3,BWT,-0.046666666666666634
cifar224__simplecil__exact_replay__seed1,cifar224,simplecil,exact_replay,1,3,Forgetting,0.046666666666666634
cifar224__simplecil__exact_replay__seed1,cifar224,simplecil,exact_replay,1,3,FWT,0.9003333333333333
cifar224__simplecil__exact_replay__seed1,cifar224,simplecil,exact_replay,1,3,RAG_mean,nan
cifar224__simplecil__exact_replay__seed1,cifar224,simplecil,exact_replay,1,3,Repetition_Gain,nan
cifar224__simplecil__exact_replay__seed1,cifar224,simplecil,exact_replay,1,4,A_t,0.8156000000000001
cifar224__simplecil__exact_replay__seed1,cifar224,simplecil,exact_replay,1,4,AIA,0.8697866666666666
cifar224__simplecil__exact_replay__seed1,cifar224,simplecil,exact_replay,1,4,BWT,-0.06624999999999995
cifar224__simplecil__exact_replay__seed1,cifar224,simplecil,exact_replay,1,4,Forgetting,0.06624999999999995
cifar224__simplecil__exact_replay__seed1,cifar224,simplecil,exact_replay,1,4,FWT,0.8735
cifar224__simplecil__exact_replay__seed1,cifar224,simplecil,exact_replay,1,4,RAG_mean,nan
cifar224__simplecil__exact_replay__seed1,cifar224,simplecil,exact_replay,1,4,Repetition_Gain,nan
cifar224__simplecil__exact_replay__seed1,cifar224,simplecil,exact_replay,1,5,A_t,0.7933333333333333
cifar224__simplecil__exact_replay__seed1,cifar224,simplecil,exact_replay,1,5,AIA,0.8570444444444444
cifar224__simplecil__exact_replay__seed1,cifar224,simplecil,exact_replay,1,5,BWT,-0.0698
cifar224__simplecil__exact_replay__seed1,cifar224,simplecil,exact_replay,1,5,Forgetting,0.0698
cifar224__simplecil__exact_replay__seed1,cifar224,simplecil,exact_replay,1,5,FWT,0.8686
cifar224__simplecil__exact_replay__seed1,cifar224,simplecil,exact_replay,1,5,RAG_mean,nan
cifar224__simplecil__exact_replay__seed1,cifar224,simplecil,exact_replay,1,5,Repetition_Gain,nan
cifar224__simplecil__exact_replay__seed1,cifar224,simplecil,exact_replay,1,6,A_t,0.7907142857142856
cifar224__simplecil__exact_replay__seed1,cifar224,simplecil,exact_replay,1,6,AIA,0.8475687074829931
cifar224__simplecil__exact_replay__seed1,cifar224,simplecil,exact_replay,1,6,BWT,-0.06866666666666665
cifar224__simplecil__exact_replay__seed1,cifar224,simplecil,exact_replay,1,6,Forgetting,0.06866666666666665
cifar224__simplecil__exact_replay__seed1,cifar224,simplecil,exact_replay,1,6,FWT,0.8515
cifar224__simplecil__exact_replay__seed1,cifar224,simplecil,exact_replay,1,6,RAG_mean,nan
cifar224__simplecil__exact_replay__seed1,cifar224,simplecil,exact_replay,1,6,Repetition_Gain,nan
cifar224__simplecil__exact_replay__seed1,cifar224,simplecil,exact_replay,1,7,A_t,0.76925
cifar224__simplecil__exact_replay__seed1,cifar224,simplecil,exact_replay,1,7,AIA,0.837778869047619
cifar224__simplecil__exact_replay__seed1,cifar224,simplecil,exact_replay,1,7,BWT,-0.07385714285714289
cifar224__simplecil__exact_replay__seed1,cifar224,simplecil,exact_replay,1,7,Forgetting,0.07385714285714289
cifar224__simplecil__exact_replay__seed1,cifar224,simplecil,exact_replay,1,7,FWT,0.8495714285714285
cifar224__simplecil__exact_replay__seed1,cifar224,simplecil,exact_replay,1,7,RAG_mean,nan
cifar224__simplecil__exact_replay__seed1,cifar224,simplecil,exact_replay,1,7,Repetition_Gain,nan
cifar224__simplecil__exact_replay__seed1,cifar224,simplecil,exact_replay,1,8,A_t,0.757888888888889
cifar224__simplecil__exact_replay__seed1,cifar224,simplecil,exact_replay,1,8,AIA,0.8289022045855379
cifar224__simplecil__exact_replay__seed1,cifar224,simplecil,exact_replay,1,8,BWT,-0.077625
cifar224__simplecil__exact_replay__seed1,cifar224,simplecil,exact_replay,1,8,Forgetting,0.077625
cifar224__simplecil__exact_replay__seed1,cifar224,simplecil,exact_replay,1,8,FWT,0.833875
cifar224__simplecil__exact_replay__seed1,cifar224,simplecil,exact_replay,1,8,RAG_mean,nan
cifar224__simplecil__exact_replay__seed1,cifar224,simplecil,exact_replay,1,8,Repetition_Gain,nan
cifar224__simplecil__exact_replay__seed1,cifar224,simplecil,exact_replay,1,9,A_t,0.6826000000000001
cifar224__simplecil__exact_replay__seed1,cifar224,simplecil,exact_replay,1,9,AIA,0.8142719841269841
cifar224__simplecil__exact_replay__seed1,cifar224,simplecil,exact_replay,1,9,BWT,-0.11055555555555556
cifar224__simplecil__exact_replay__seed1,cifar224,simplecil,exact_replay,1,9,Forgetting,0.11055555555555556
cifar224__simplecil__exact_replay__seed1,cifar224,simplecil,exact_replay,1,9,FWT,0.8268888888888889
cifar224__simplecil__exact_replay__seed1,cifar224,simplecil,exact_replay,1,9,RAG_mean,nan
cifar224__simplecil__exact_replay__seed1,cifar224,simplecil,exact_replay,1,9,Repetition_Gain,nan
cifar224__simplecil__exact_replay__seed1,cifar224,simplecil,exact_replay,1,9,Anchor_Retention,nan
cifar224__simplecil__exact_replay__seed1,cifar224,simplecil,exact_replay,1,9,Long_Range_Retention,0.394
cifar224__simplecil__exact_replay__seed2,cifar224,simplecil,exact_replay,2,0,A_t,0.9279999999999999
cifar224__simplecil__exact_replay__seed2,cifar224,simplecil,exact_replay,2,0,AIA,0.9279999999999999
cifar224__simplecil__exact_replay__seed2,cifar224,simplecil,exact_replay,2,0,BWT,nan
cifar224__simplecil__exact_replay__seed2,cifar224,simplecil,exact_replay,2,0,Forgetting,nan
cifar224__simplecil__exact_replay__seed2,cifar224,simplecil,exact_replay,2,0,FWT,nan
cifar224__simplecil__exact_replay__seed2,cifar224,simplecil,exact_replay,2,0,RAG_mean,nan
cifar224__simplecil__exact_replay__seed2,cifar224,simplecil,exact_replay,2,0,Repetition_Gain,nan
cifar224__simplecil__exact_replay__seed2,cifar224,simplecil,exact_replay,2,1,A_t,0.8855
cifar224__simplecil__exact_replay__seed2,cifar224,simplecil,exact_replay,2,1,AIA,0.90675
cifar224__simplecil__exact_replay__seed2,cifar224,simplecil,exact_replay,2,1,BWT,-0.03300000000000003
cifar224__simplecil__exact_replay__seed2,cifar224,simplecil,exact_replay,2,1,Forgetting,0.03300000000000003
cifar224__simplecil__exact_replay__seed2,cifar224,simplecil,exact_replay,2,1,FWT,0.9279999999999999
cifar224__simplecil__exact_replay__seed2,cifar224,simplecil,exact_replay,2,1,RAG_mean,nan
cifar224__simplecil__exact_replay__seed2,cifar224,simplecil,exact_replay,2,1,Repetition_Gain,nan
cifar224__simplecil__exact_replay__seed2,cifar224,simplecil,exact_replay,2,2,A_t,0.8720000000000002
cifar224__simplecil__exact_replay__seed2,cifar224,simplecil,exact_replay,2,2,AIA,0.8951666666666668
cifar224__simplecil__exact_replay__seed2,cifar224,simplecil,exact_replay,2,2,BWT,-0.039999999999999925
cifar224__simplecil__exact_replay__seed2,cifar224,simplecil,exact_replay,2,2,Forgetting,0.039999999999999925
cifar224__simplecil__exact_replay__seed2,cifar224,simplecil,exact_replay,2,2,FWT,0.9019999999999999
cifar224__simplecil__exact_replay__seed2,cifar224,simplecil,exact_replay,2,2,RAG_mean,nan
cifar224__simplecil__exact_replay__seed2,cifar224,simplecil,exact_replay,2,2,Repetition_Gain,nan
cifar224__simplecil__exact_replay__seed2,cifar224,simplecil,exact_replay,2,3,A_t,0.8387500000000001
cifar224__simplecil__exact_replay__seed2,cifar224,simplecil,exact_replay,2,3,AIA,0.8810625000000001
cifar224__simplecil__exact_replay__seed2,cifar224,simplecil,exact_replay,2,3,BWT,-0.04566666666666663
cifar224__simplecil__exact_replay__seed2,cifar224,simplecil,exact_replay,2,3,Forgetting,0.04566666666666663
cifar224__simplecil__exact_replay__seed2,cifar224,simplecil,exact_replay,2,3,FWT,0.8986666666666666
cifar224__simplecil__exact_replay__seed2,cifar224,simplecil,exact_replay,2,3,RAG_mean,nan
cifar224__simplecil__exact_replay__seed2,cifar224,simplecil,exact_replay,2,3,Repetition_Gain,nan
cifar224__simplecil__exact_replay__seed2,cifar224,simplecil,exact_replay,2,4,A_t,0.8164000000000001
cifar224__simplecil__exact_replay__seed2,cifar224,simplecil,exact_replay,2,4,AIA,0.8681300000000001
cifar224__simplecil__exact_replay__seed2,cifar224,simplecil,exact_replay,2,4,BWT,-0.06424999999999995
cifar224__simplecil__exact_replay__seed2,cifar224,simplecil,exact_replay,2,4,Forgetting,0.06424999999999995
cifar224__simplecil__exact_replay__seed2,cifar224,simplecil,exact_replay,2,4,FWT,0.873
cifar224__simplecil__exact_replay__seed2,cifar224,simplecil,exact_replay,2,4,RAG_mean,nan
cifar224__simplecil__exact_replay__seed2,cifar224,simplecil,exact_replay,2,4,Repetition_Gain,nan
cifar224__simplecil__exact_replay__seed2,cifar224,simplecil,exact_replay,2,5,A_t,0.7951666666666668
cifar224__simplecil__exact_replay__seed2,cifar224,simplecil,exact_replay,2,5,AIA,0.8559694444444444
cifar224__simplecil__exact_replay__seed2,cifar224,simplecil,exact_replay,2,5,BWT,-0.0676
cifar224__simplecil__exact_replay__seed2,cifar224,simplecil,exact_replay,2,5,Forgetting,0.0676
cifar224__simplecil__exact_replay__seed2,cifar224,simplecil,exact_replay,2,5,FWT,0.8678000000000001
cifar224__simplecil__exact_replay__seed2,cifar224,simplecil,exact_replay,2,5,RAG_mean,nan
cifar224__simplecil__exact_replay__seed2,cifar224,simplecil,exact_replay,2,5,Repetition_Gain,nan
cifar224__simplecil__exact_replay__seed2,cifar224,simplecil,exact_replay,2,6,A_t,0.7927142857142858
cifar224__simplecil__exact_replay__seed2,cifar224,simplecil,exact_replay,2,6,AIA,0.846932993197279
cifar224__simplecil__exact_replay__seed2,cifar224,simplecil,exact_replay,2,6,BWT,-0.06649999999999996
cifar224__simplecil__exact_replay__seed2,cifar224,simplecil,exact_replay,2,6,Forgetting,0.06649999999999996
cifar224__simplecil__exact_replay__seed2,cifar224,simplecil,exact_replay,2,6,FWT,0.8515
cifar224__simplecil__exact_replay__seed2,cifar224,simplecil,exact_replay,2,6,RAG_mean,nan
cifar224__simplecil__exact_replay__seed2,cifar224,simplecil,exact_replay,2,6,Repetition_Gain,nan
cifar224__simplecil__exact_replay__seed2,cifar224,simplecil,exact_replay,2,7,A_t,0.7715000000000001
cifar224__simplecil__exact_replay__seed2,cifar224,simplecil,exact_replay,2,7,AIA,0.8375038690476191
cifar224__simplecil__exact_replay__seed2,cifar224,simplecil,exact_replay,2,7,BWT,-0.07042857142857147
cifar224__simplecil__exact_replay__seed2,cifar224,simplecil,exact_replay,2,7,Forgetting,0.07042857142857147
cifar224__simplecil__exact_replay__seed2,cifar224,simplecil,exact_replay,2,7,FWT,0.8497142857142858
cifar224__simplecil__exact_replay__seed2,cifar224,simplecil,exact_replay,2,7,RAG_mean,nan
cifar224__simplecil__exact_replay__seed2,cifar224,simplecil,exact_replay,2,7,Repetition_Gain,nan
cifar224__simplecil__exact_replay__seed2,cifar224,simplecil,exact_replay,2,8,A_t,0.759888888888889
cifar224__simplecil__exact_replay__seed2,cifar224,simplecil,exact_replay,2,8,AIA,0.8288799823633157
cifar224__simplecil__exact_replay__seed2,cifar224,simplecil,exact_replay,2,8,BWT,-0.07475000000000002
cifar224__simplecil__exact_replay__seed2,cifar224,simplecil,exact_replay,2,8,Forgetting,0.07475000000000002
cifar224__simplecil__exact_replay__seed2,cifar224,simplecil,exact_replay,2,8,FWT,0.833125
cifar224__simplecil__exact_replay__seed2,cifar224,simplecil,exact_replay,2,8,RAG_mean,nan
cifar224__simplecil__exact_replay__seed2,cifar224,simplecil,exact_replay,2,8,Repetition_Gain,nan
cifar224__simplecil__exact_replay__seed2,cifar224,simplecil,exact_replay,2,9,A_t,0.6839000000000001
cifar224__simplecil__exact_replay__seed2,cifar224,simplecil,exact_replay,2,9,AIA,0.8143819841269841
cifar224__simplecil__exact_replay__seed2,cifar224,simplecil,exact_replay,2,9,BWT,-0.12322222222222222
cifar224__simplecil__exact_replay__seed2,cifar224,simplecil,exact_replay,2,9,Forgetting,0.12322222222222222
cifar224__simplecil__exact_replay__seed2,cifar224,simplecil,exact_replay,2,9,FWT,0.8263333333333334
cifar224__simplecil__exact_replay__seed2,cifar224,simplecil,exact_replay,2,9,RAG_mean,nan
cifar224__simplecil__exact_replay__seed2,cifar224,simplecil,exact_replay,2,9,Repetition_Gain,nan
cifar224__simplecil__exact_replay__seed2,cifar224,simplecil,exact_replay,2,9,Anchor_Retention,nan
cifar224__simplecil__exact_replay__seed2,cifar224,simplecil,exact_replay,2,9,Long_Range_Retention,0.259
cifar224__simplecil__exact_replay__seed3,cifar224,simplecil,exact_replay,3,0,A_t,0.9299999999999999
cifar224__simplecil__exact_replay__seed3,cifar224,simplecil,exact_replay,3,0,AIA,0.9299999999999999
cifar224__simplecil__exact_replay__seed3,cifar224,simplecil,exact_replay,3,0,BWT,nan
cifar224__simplecil__exact_replay__seed3,cifar224,simplecil,exact_replay,3,0,Forgetting,nan
cifar224__simplecil__exact_replay__seed3,cifar224,simplecil,exact_replay,3,0,FWT,nan
cifar224__simplecil__exact_replay__seed3,cifar224,simplecil,exact_replay,3,0,RAG_mean,nan
cifar224__simplecil__exact_replay__seed3,cifar224,simplecil,exact_replay,3,0,Repetition_Gain,nan
cifar224__simplecil__exact_replay__seed3,cifar224,simplecil,exact_replay,3,1,A_t,0.8865000000000001
cifar224__simplecil__exact_replay__seed3,cifar224,simplecil,exact_replay,3,1,AIA,0.90825
cifar224__simplecil__exact_replay__seed3,cifar224,simplecil,exact_replay,3,1,BWT,-0.03399999999999981
cifar224__simplecil__exact_replay__seed3,cifar224,simplecil,exact_replay,3,1,Forgetting,0.03399999999999981
cifar224__simplecil__exact_replay__seed3,cifar224,simplecil,exact_replay,3,1,FWT,0.9299999999999999
cifar224__simplecil__exact_replay__seed3,cifar224,simplecil,exact_replay,3,1,RAG_mean,nan
cifar224__simplecil__exact_replay__seed3,cifar224,simplecil,exact_replay,3,1,Repetition_Gain,nan
cifar224__simplecil__exact_replay__seed3,cifar224,simplecil,exact_replay,3,2,A_t,0.8723333333333333
cifar224__simplecil__exact_replay__seed3,cifar224,simplecil,exact_replay,3,2,AIA,0.8962777777777777
cifar224__simplecil__exact_replay__seed3,cifar224,simplecil,exact_replay,3,2,BWT,-0.040499999999999925
cifar224__simplecil__exact_replay__seed3,cifar224,simplecil,exact_replay,3,2,Forgetting,0.040499999999999925
cifar224__simplecil__exact_replay__seed3,cifar224,simplecil,exact_replay,3,2,FWT,0.9035
cifar224__simplecil__exact_replay__seed3,cifar224,simplecil,exact_replay,3,2,RAG_mean,nan
cifar224__simplecil__exact_replay__seed3,cifar224,simplecil,exact_replay,3,2,Repetition_Gain,nan
cifar224__simplecil__exact_replay__seed3,cifar224,simplecil,exact_replay,3,3,A_t,0.8387500000000001
cifar224__simplecil__exact_replay__seed3,cifar224,simplecil,exact_replay,3,3,AIA,0.8818958333333333
cifar224__simplecil__exact_replay__seed3,cifar224,simplecil,exact_replay,3,3,BWT,-0.04633333333333334
cifar224__simplecil__exact_replay__seed3,cifar224,simplecil,exact_replay,3,3,Forgetting,0.04633333333333334
cifar224__simplecil__exact_replay__seed3,cifar224,simplecil,exact_replay,3,3,FWT,0.8993333333333333
cifar224__simplecil__exact_replay__seed3,cifar224,simplecil,exact_replay,3,3,RAG_mean,nan
cifar224__simplecil__exact_replay__seed3,cifar224,simplecil,exact_replay,3,3,Repetition_Gain,nan
cifar224__simplecil__exact_replay__seed3,cifar224,simplecil,exact_replay,3,4,A_t,0.8176
cifar224__simplecil__exact_replay__seed3,cifar224,simplecil,exact_replay,3,4,AIA,0.8690366666666666
cifar224__simplecil__exact_replay__seed3,cifar224,simplecil,exact_replay,3,4,BWT,-0.06474999999999995
cifar224__simplecil__exact_replay__seed3,cifar224,simplecil,exact_replay,3,4,Forgetting,0.06474999999999995
cifar224__simplecil__exact_replay__seed3,cifar224,simplecil,exact_replay,3,4,FWT,0.8734999999999999
cifar224__simplecil__exact_replay__seed3,cifar224,simplecil,exact_replay,3,4,RAG_mean,nan
cifar224__simplecil__exact_replay__seed3,cifar224,simplecil,exact_replay,3,4,Repetition_Gain,nan
cifar224__simplecil__exact_replay__seed3,cifar224,simplecil,exact_replay,3,5,A_t,0.7956666666666666
cifar224__simplecil__exact_replay__seed3,cifar224,simplecil,exact_replay,3,5,AIA,0.8568083333333333
cifar224__simplecil__exact_replay__seed3,cifar224,simplecil,exact_replay,3,5,BWT,-0.06919999999999996
cifar224__simplecil__exact_replay__seed3,cifar224,simplecil,exact_replay,3,5,Forgetting,0.06919999999999996
cifar224__simplecil__exact_replay__seed3,cifar224,simplecil,exact_replay,3,5,FWT,0.8694
cifar224__simplecil__exact_replay__seed3,cifar224,simplecil,exact_replay,3,5,RAG_mean,nan
cifar224__simplecil__exact_replay__seed3,cifar224,simplecil,exact_replay,3,5,Repetition_Gain,nan
cifar224__simplecil__exact_replay__seed3,cifar224,simplecil,exact_replay,3,6,A_t,0.793
cifar224__simplecil__exact_replay__seed3,cifar224,simplecil,exact_replay,3,6,AIA,0.8476928571428571
cifar224__simplecil__exact_replay__seed3,cifar224,simplecil,exact_replay,3,6,BWT,-0.06899999999999996
cifar224__simplecil__exact_replay__seed3,cifar224,simplecil,exact_replay,3,6,Forgetting,0.06899999999999996
cifar224__simplecil__exact_replay__seed3,cifar224,simplecil,exact_replay,3,6,FWT,0.8533333333333332
cifar224__simplecil__exact_replay__seed3,cifar224,simplecil,exact_replay,3,6,RAG_mean,nan
cifar224__simplecil__exact_replay__seed3,cifar224,simplecil,exact_replay,3,6,Repetition_Gain,nan
cifar224__simplecil__exact_replay__seed3,cifar224,simplecil,exact_replay,3,7,A_t,0.772
cifar224__simplecil__exact_replay__seed3,cifar224,simplecil,exact_replay,3,7,AIA,0.83823125
cifar224__simplecil__exact_replay__seed3,cifar224,simplecil,exact_replay,3,7,BWT,-0.07342857142857143
cifar224__simplecil__exact_replay__seed3,cifar224,simplecil,exact_replay,3,7,Forgetting,0.07342857142857143
cifar224__simplecil__exact_replay__seed3,cifar224,simplecil,exact_replay,3,7,FWT,0.852142857142857
cifar224__simplecil__exact_replay__seed3,cifar224,simplecil,exact_replay,3,7,RAG_mean,nan
cifar224__simplecil__exact_replay__seed3,cifar224,simplecil,exact_replay,3,7,Repetition_Gain,nan
cifar224__simplecil__exact_replay__seed3,cifar224,simplecil,exact_replay,3,8,A_t,0.7604444444444445
cifar224__simplecil__exact_replay__seed3,cifar224,simplecil,exact_replay,3,8,AIA,0.8295882716049383
cifar224__simplecil__exact_replay__seed3,cifar224,simplecil,exact_replay,3,8,BWT,-0.07724999999999997
cifar224__simplecil__exact_replay__seed3,cifar224,simplecil,exact_replay,3,8,Forgetting,0.07724999999999997
cifar224__simplecil__exact_replay__seed3,cifar224,simplecil,exact_replay,3,8,FWT,0.8362499999999999
cifar224__simplecil__exact_replay__seed3,cifar224,simplecil,exact_replay,3,8,RAG_mean,nan
cifar224__simplecil__exact_replay__seed3,cifar224,simplecil,exact_replay,3,8,Repetition_Gain,nan
cifar224__simplecil__exact_replay__seed3,cifar224,simplecil,exact_replay,3,9,A_t,0.6842999999999999
cifar224__simplecil__exact_replay__seed3,cifar224,simplecil,exact_replay,3,9,AIA,0.8150594444444443
cifar224__simplecil__exact_replay__seed3,cifar224,simplecil,exact_replay,3,9,BWT,-0.12455555555555553
cifar224__simplecil__exact_replay__seed3,cifar224,simplecil,exact_replay,3,9,Forgetting,0.12455555555555553
cifar224__simplecil__exact_replay__seed3,cifar224,simplecil,exact_replay,3,9,FWT,0.8291111111111111
cifar224__simplecil__exact_replay__seed3,cifar224,simplecil,exact_replay,3,9,RAG_mean,nan
cifar224__simplecil__exact_replay__seed3,cifar224,simplecil,exact_replay,3,9,Repetition_Gain,nan
cifar224__simplecil__exact_replay__seed3,cifar224,simplecil,exact_replay,3,9,Anchor_Retention,nan
cifar224__simplecil__exact_replay__seed3,cifar224,simplecil,exact_replay,3,9,Long_Range_Retention,0.265
cifar224__simplecil__long_range_revisit__seed1,cifar224,simplecil,long_range_revisit,1,0,A_t,0.9179999999999999
cifar224__simplecil__long_range_revisit__seed1,cifar224,simplecil,long_range_revisit,1,0,AIA,0.9179999999999999
cifar224__simplecil__long_range_revisit__seed1,cifar224,simplecil,long_range_revisit,1,0,BWT,nan
cifar224__simplecil__long_range_revisit__seed1,cifar224,simplecil,long_range_revisit,1,0,Forgetting,nan
cifar224__simplecil__long_range_revisit__seed1,cifar224,simplecil,long_range_revisit,1,0,FWT,nan
cifar224__simplecil__long_range_revisit__seed1,cifar224,simplecil,long_range_revisit,1,0,RAG_mean,nan
cifar224__simplecil__long_range_revisit__seed1,cifar224,simplecil,long_range_revisit,1,0,Repetition_Gain,nan
cifar224__simplecil__long_range_revisit__seed1,cifar224,simplecil,long_range_revisit,1,1,A_t,0.875
cifar224__simplecil__long_range_revisit__seed1,cifar224,simplecil,long_range_revisit,1,1,AIA,0.8965
cifar224__simplecil__long_range_revisit__seed1,cifar224,simplecil,long_range_revisit,1,1,BWT,-0.04399999999999993
cifar224__simplecil__long_range_revisit__seed1,cifar224,simplecil,long_range_revisit,1,1,Forgetting,0.04399999999999993
cifar224__simplecil__long_range_revisit__seed1,cifar224,simplecil,long_range_revisit,1,1,FWT,0.9179999999999999
cifar224__simplecil__long_range_revisit__seed1,cifar224,simplecil,long_range_revisit,1,1,RAG_mean,nan
cifar224__simplecil__long_range_revisit__seed1,cifar224,simplecil,long_range_revisit,1,1,Repetition_Gain,nan
cifar224__simplecil__long_range_revisit__seed1,cifar224,simplecil,long_range_revisit,1,2,A_t,0.8673333333333334
cifar224__simplecil__long_range_revisit__seed1,cifar224,simplecil,long_range_revisit,1,2,AIA,0.8867777777777778
cifar224__simplecil__long_range_revisit__seed1,cifar224,simplecil,long_range_revisit,1,2,BWT,-0.04449999999999987
cifar224__simplecil__long_range_revisit__seed1,cifar224,simplecil,long_range_revisit,1,2,Forgetting,0.04449999999999987
cifar224__simplecil__long_range_revisit__seed1,cifar224,simplecil,long_range_revisit,1,2,FWT,0.897
cifar224__simplecil__long_range_revisit__seed1,cifar224,simplecil,long_range_revisit,1,2,RAG_mean,nan
cifar224__simplecil__long_range_revisit__seed1,cifar224,simplecil,long_range_revisit,1,2,Repetition_Gain,nan
cifar224__simplecil__long_range_revisit__seed1,cifar224,simplecil,long_range_revisit,1,3,A_t,0.83725
cifar224__simplecil__long_range_revisit__seed1,cifar224,simplecil,long_range_revisit,1,3,AIA,0.8743958333333334
cifar224__simplecil__long_range_revisit__seed1,cifar224,simplecil,long_range_revisit,1,3,BWT,-0.04799999999999993
cifar224__simplecil__long_range_revisit__seed1,cifar224,simplecil,long_range_revisit,1,3,Forgetting,0.04799999999999993
cifar224__simplecil__long_range_revisit__seed1,cifar224,simplecil,long_range_revisit,1,3,FWT,0.8969999999999999
cifar224__simplecil__long_range_revisit__seed1,cifar224,simplecil,long_range_revisit,1,3,RAG_mean,nan
cifar224__simplecil__long_range_revisit__seed1,cifar224,simplecil,long_range_revisit,1,3,Repetition_Gain,nan
cifar224__simplecil__long_range_revisit__seed1,cifar224,simplecil,long_range_revisit,1,4,A_t,0.8138
cifar224__simplecil__long_range_revisit__seed1,cifar224,simplecil,long_range_revisit,1,4,AIA,0.8622766666666667
cifar224__simplecil__long_range_revisit__seed1,cifar224,simplecil,long_range_revisit,1,4,BWT,-0.06749999999999998
cifar224__simplecil__long_range_revisit__seed1,cifar224,simplecil,long_range_revisit,1,4,Forgetting,0.06749999999999998
cifar224__simplecil__long_range_revisit__seed1,cifar224,simplecil,long_range_revisit,1,4,FWT,0.87325
cifar224__simplecil__long_range_revisit__seed1,cifar224,simplecil,long_range_revisit,1,4,RAG_mean,nan
cifar224__simplecil__long_range_revisit__seed1,cifar224,simplecil,long_range_revisit,1,4,Repetition_Gain,nan
cifar224__simplecil__long_range_revisit__seed1,cifar224,simplecil,long_range_revisit,1,5,A_t,0.7911666666666667
cifar224__simplecil__long_range_revisit__seed1,cifar224,simplecil,long_range_revisit,1,5,AIA,0.850425
cifar224__simplecil__long_range_revisit__seed1,cifar224,simplecil,long_range_revisit,1,5,BWT,-0.07119999999999997
cifar224__simplecil__long_range_revisit__seed1,cifar224,simplecil,long_range_revisit,1,5,Forgetting,0.07119999999999997
cifar224__simplecil__long_range_revisit__seed1,cifar224,simplecil,long_range_revisit,1,5,FWT,0.8677999999999999
cifar224__simplecil__long_range_revisit__seed1,cifar224,simplecil,long_range_revisit,1,5,RAG_mean,nan
cifar224__simplecil__long_range_revisit__seed1,cifar224,simplecil,long_range_revisit,1,5,Repetition_Gain,nan
cifar224__simplecil__long_range_revisit__seed1,cifar224,simplecil,long_range_revisit,1,6,A_t,0.7889999999999999
cifar224__simplecil__long_range_revisit__seed1,cifar224,simplecil,long_range_revisit,1,6,AIA,0.8416499999999999
cifar224__simplecil__long_range_revisit__seed1,cifar224,simplecil,long_range_revisit,1,6,BWT,-0.0708333333333333
cifar224__simplecil__long_range_revisit__seed1,cifar224,simplecil,long_range_revisit,1,6,Forgetting,0.0708333333333333
cifar224__simplecil__long_range_revisit__seed1,cifar224,simplecil,long_range_revisit,1,6,FWT,0.8504999999999999
cifar224__simplecil__long_range_revisit__seed1,cifar224,simplecil,long_range_revisit,1,6,RAG_mean,nan
cifar224__simplecil__long_range_revisit__seed1,cifar224,simplecil,long_range_revisit,1,6,Repetition_Gain,nan
cifar224__simplecil__long_range_revisit__seed1,cifar224,simplecil,long_range_revisit,1,7,A_t,0.7686249999999999
cifar224__simplecil__long_range_revisit__seed1,cifar224,simplecil,long_range_revisit,1,7,AIA,0.832521875
cifar224__simplecil__long_range_revisit__seed1,cifar224,simplecil,long_range_revisit,1,7,BWT,-0.07500000000000004
cifar224__simplecil__long_range_revisit__seed1,cifar224,simplecil,long_range_revisit,1,7,Forgetting,0.07500000000000004
cifar224__simplecil__long_range_revisit__seed1,cifar224,simplecil,long_range_revisit,1,7,FWT,0.8497142857142856
cifar224__simplecil__long_range_revisit__seed1,cifar224,simplecil,long_range_revisit,1,7,RAG_mean,nan
cifar224__simplecil__long_range_revisit__seed1,cifar224,simplecil,long_range_revisit,1,7,Repetition_Gain,nan
cifar224__simplecil__long_range_revisit__seed1,cifar224,simplecil,long_range_revisit,1,8,A_t,0.7571111111111111
cifar224__simplecil__long_range_revisit__seed1,cifar224,simplecil,long_range_revisit,1,8,AIA,0.8241429012345678
cifar224__simplecil__long_range_revisit__seed1,cifar224,simplecil,long_range_revisit,1,8,BWT,-0.07937500000000001
cifar224__simplecil__long_range_revisit__seed1,cifar224,simplecil,long_range_revisit,1,8,Forgetting,0.07937500000000001
cifar224__simplecil__long_range_revisit__seed1,cifar224,simplecil,long_range_revisit,1,8,FWT,0.8342499999999999
cifar224__simplecil__long_range_revisit__seed1,cifar224,simplecil,long_range_revisit,1,8,RAG_mean,nan
cifar224__simplecil__long_range_revisit__seed1,cifar224,simplecil,long_range_revisit,1,8,Repetition_Gain,nan
cifar224__simplecil__long_range_revisit__seed1,cifar224,simplecil,long_range_revisit,1,9,A_t,0.6837
cifar224__simplecil__long_range_revisit__seed1,cifar224,simplecil,long_range_revisit,1,9,AIA,0.810098611111111
cifar224__simplecil__long_range_revisit__seed1,cifar224,simplecil,long_range_revisit,1,9,BWT,-0.1051111111111111
cifar224__simplecil__long_range_revisit__seed1,cifar224,simplecil,long_range_revisit,1,9,Forgetting,0.1051111111111111
cifar224__simplecil__long_range_revisit__seed1,cifar224,simplecil,long_range_revisit,1,9,FWT,0.8276666666666667
cifar224__simplecil__long_range_revisit__seed1,cifar224,simplecil,long_range_revisit,1,9,RAG_mean,nan
cifar224__simplecil__long_range_revisit__seed1,cifar224,simplecil,long_range_revisit,1,9,Repetition_Gain,nan
cifar224__simplecil__long_range_revisit__seed1,cifar224,simplecil,long_range_revisit,1,9,Anchor_Retention,nan
cifar224__simplecil__long_range_revisit__seed1,cifar224,simplecil,long_range_revisit,1,9,Long_Range_Retention,0.44400000000000006
cifar224__simplecil__long_range_revisit__seed2,cifar224,simplecil,long_range_revisit,2,0,A_t,0.9399999999999998
cifar224__simplecil__long_range_revisit__seed2,cifar224,simplecil,long_range_revisit,2,0,AIA,0.9399999999999998
cifar224__simplecil__long_range_revisit__seed2,cifar224,simplecil,long_range_revisit,2,0,BWT,nan
cifar224__simplecil__long_range_revisit__seed2,cifar224,simplecil,long_range_revisit,2,0,Forgetting,nan
cifar224__simplecil__long_range_revisit__seed2,cifar224,simplecil,long_range_revisit,2,0,FWT,nan
cifar224__simplecil__long_range_revisit__seed2,cifar224,simplecil,long_range_revisit,2,0,RAG_mean,nan
cifar224__simplecil__long_range_revisit__seed2,cifar224,simplecil,long_range_revisit,2,0,Repetition_Gain,nan
cifar224__simplecil__long_range_revisit__seed2,cifar224,simplecil,long_range_revisit,2,1,A_t,0.8935000000000001
cifar224__simplecil__long_range_revisit__seed2,cifar224,simplecil,long_range_revisit,2,1,AIA,0.91675
cifar224__simplecil__long_range_revisit__seed2,cifar224,simplecil,long_range_revisit,2,1,BWT,-0.029999999999999694
cifar224__simplecil__long_range_revisit__seed2,cifar224,simplecil,long_range_revisit,2,1,Forgetting,0.029999999999999694
cifar224__simplecil__long_range_revisit__seed2,cifar224,simplecil,long_range_revisit,2,1,FWT,0.9399999999999998
cifar224__simplecil__long_range_revisit__seed2,cifar224,simplecil,long_range_revisit,2,1,RAG_mean,nan
cifar224__simplecil__long_range_revisit__seed2,cifar224,simplecil,long_range_revisit,2,1,Repetition_Gain,nan
cifar224__simplecil__long_range_revisit__seed2,cifar224,simplecil,long_range_revisit,2,2,A_t,0.876
cifar224__simplecil__long_range_revisit__seed2,cifar224,simplecil,long_range_revisit,2,2,AIA,0.9031666666666666
cifar224__simplecil__long_range_revisit__seed2,cifar224,simplecil,long_range_revisit,2,2,BWT,-0.04049999999999976
cifar224__simplecil__long_range_revisit__seed2,cifar224,simplecil,long_range_revisit,2,2,Forgetting,0.04049999999999976
cifar224__simplecil__long_range_revisit__seed2,cifar224,simplecil,long_range_revisit,2,2,FWT,0.9084999999999999
cifar224__simplecil__long_range_revisit__seed2,cifar224,simplecil,long_range_revisit,2,2,RAG_mean,nan
cifar224__simplecil__long_range_revisit__seed2,cifar224,simplecil,long_range_revisit,2,2,Repetition_Gain,nan
cifar224__simplecil__long_range_revisit__seed2,cifar224,simplecil,long_range_revisit,2,3,A_t,0.841
cifar224__simplecil__long_range_revisit__seed2,cifar224,simplecil,long_range_revisit,2,3,AIA,0.8876249999999999
cifar224__simplecil__long_range_revisit__seed2,cifar224,simplecil,long_range_revisit,2,3,BWT,-0.047666666666666635
cifar224__simplecil__long_range_revisit__seed2,cifar224,simplecil,long_range_revisit,2,3,Forgetting,0.047666666666666635
cifar224__simplecil__long_range_revisit__seed2,cifar224,simplecil,long_range_revisit,2,3,FWT,0.9029999999999999
cifar224__simplecil__long_range_revisit__seed2,cifar224,simplecil,long_range_revisit,2,3,RAG_mean,nan
cifar224__simplecil__long_range_revisit__seed2,cifar224,simplecil,long_range_revisit,2,3,Repetition_Gain,nan
cifar224__simplecil__long_range_revisit__seed2,cifar224,simplecil,long_range_revisit,2,4,A_t,0.8190000000000002
cifar224__simplecil__long_range_revisit__seed2,cifar224,simplecil,long_range_revisit,2,4,AIA,0.8738999999999999
cifar224__simplecil__long_range_revisit__seed2,cifar224,simplecil,long_range_revisit,2,4,BWT,-0.06574999999999998
cifar224__simplecil__long_range_revisit__seed2,cifar224,simplecil,long_range_revisit,2,4,Forgetting,0.06574999999999998
cifar224__simplecil__long_range_revisit__seed2,cifar224,simplecil,long_range_revisit,2,4,FWT,0.8767499999999999
cifar224__simplecil__long_range_revisit__seed2,cifar224,simplecil,long_range_revisit,2,4,RAG_mean,nan
cifar224__simplecil__long_range_revisit__seed2,cifar224,simplecil,long_range_revisit,2,4,Repetition_Gain,nan
cifar224__simplecil__long_range_revisit__seed2,cifar224,simplecil,long_range_revisit,2,5,A_t,0.7976666666666667
cifar224__simplecil__long_range_revisit__seed2,cifar224,simplecil,long_range_revisit,2,5,AIA,0.8611944444444445
cifar224__simplecil__long_range_revisit__seed2,cifar224,simplecil,long_range_revisit,2,5,BWT,-0.0678
cifar224__simplecil__long_range_revisit__seed2,cifar224,simplecil,long_range_revisit,2,5,Forgetting,0.0678
cifar224__simplecil__long_range_revisit__seed2,cifar224,simplecil,long_range_revisit,2,5,FWT,0.8715999999999999
cifar224__simplecil__long_range_revisit__seed2,cifar224,simplecil,long_range_revisit,2,5,RAG_mean,nan
cifar224__simplecil__long_range_revisit__seed2,cifar224,simplecil,long_range_revisit,2,5,Repetition_Gain,nan
cifar224__simplecil__long_range_revisit__seed2,cifar224,simplecil,long_range_revisit,2,6,A_t,0.795
cifar224__simplecil__long_range_revisit__seed2,cifar224,simplecil,long_range_revisit,2,6,AIA,0.8517380952380952
cifar224__simplecil__long_range_revisit__seed2,cifar224,simplecil,long_range_revisit,2,6,BWT,-0.0671666666666667
cifar224__simplecil__long_range_revisit__seed2,cifar224,simplecil,long_range_revisit,2,6,Forgetting,0.0671666666666667
cifar224__simplecil__long_range_revisit__seed2,cifar224,simplecil,long_range_revisit,2,6,FWT,0.8541666666666666
cifar224__simplecil__long_range_revisit__seed2,cifar224,simplecil,long_range_revisit,2,6,RAG_mean,nan
cifar224__simplecil__long_range_revisit__seed2,cifar224,simplecil,long_range_revisit,2,6,Repetition_Gain,nan
cifar224__simplecil__long_range_revisit__seed2,cifar224,simplecil,long_range_revisit,2,7,A_t,0.7735
cifar224__simplecil__long_range_revisit__seed2,cifar224,simplecil,long_range_revisit,2,7,AIA,0.8419583333333334
cifar224__simplecil__long_range_revisit__seed2,cifar224,simplecil,long_range_revisit,2,7,BWT,-0.07171428571428572
cifar224__simplecil__long_range_revisit__seed2,cifar224,simplecil,long_range_revisit,2,7,Forgetting,0.07171428571428572
cifar224__simplecil__long_range_revisit__seed2,cifar224,simplecil,long_range_revisit,2,7,FWT,0.8525714285714285
cifar224__simplecil__long_range_revisit__seed2,cifar224,simplecil,long_range_revisit,2,7,RAG_mean,nan
cifar224__simplecil__long_range_revisit__seed2,cifar224,simplecil,long_range_revisit,2,7,Repetition_Gain,nan
cifar224__simplecil__long_range_revisit__seed2,cifar224,simplecil,long_range_revisit,2,8,A_t,0.7603333333333333
cifar224__simplecil__long_range_revisit__seed2,cifar224,simplecil,long_range_revisit,2,8,AIA,0.8328888888888889
cifar224__simplecil__long_range_revisit__seed2,cifar224,simplecil,long_range_revisit,2,8,BWT,-0.07737499999999997
cifar224__simplecil__long_range_revisit__seed2,cifar224,simplecil,long_range_revisit,2,8,Forgetting,0.07737499999999997
cifar224__simplecil__long_range_revisit__seed2,cifar224,simplecil,long_range_revisit,2,8,FWT,0.8362499999999999
cifar224__simplecil__long_range_revisit__seed2,cifar224,simplecil,long_range_revisit,2,8,RAG_mean,nan
cifar224__simplecil__long_range_revisit__seed2,cifar224,simplecil,long_range_revisit,2,8,Repetition_Gain,nan
cifar224__simplecil__long_range_revisit__seed2,cifar224,simplecil,long_range_revisit,2,9,A_t,0.6814
cifar224__simplecil__long_range_revisit__seed2,cifar224,simplecil,long_range_revisit,2,9,AIA,0.81774
cifar224__simplecil__long_range_revisit__seed2,cifar224,simplecil,long_range_revisit,2,9,BWT,-0.11799999999999998
cifar224__simplecil__long_range_revisit__seed2,cifar224,simplecil,long_range_revisit,2,9,Forgetting,0.11799999999999998
cifar224__simplecil__long_range_revisit__seed2,cifar224,simplecil,long_range_revisit,2,9,FWT,0.8291111111111111
cifar224__simplecil__long_range_revisit__seed2,cifar224,simplecil,long_range_revisit,2,9,RAG_mean,nan
cifar224__simplecil__long_range_revisit__seed2,cifar224,simplecil,long_range_revisit,2,9,Repetition_Gain,nan
cifar224__simplecil__long_range_revisit__seed2,cifar224,simplecil,long_range_revisit,2,9,Anchor_Retention,nan
cifar224__simplecil__long_range_revisit__seed2,cifar224,simplecil,long_range_revisit,2,9,Long_Range_Retention,0.34199999999999997
cifar224__simplecil__long_range_revisit__seed3,cifar224,simplecil,long_range_revisit,3,0,A_t,0.9339999999999998
cifar224__simplecil__long_range_revisit__seed3,cifar224,simplecil,long_range_revisit,3,0,AIA,0.9339999999999998
cifar224__simplecil__long_range_revisit__seed3,cifar224,simplecil,long_range_revisit,3,0,BWT,nan
cifar224__simplecil__long_range_revisit__seed3,cifar224,simplecil,long_range_revisit,3,0,Forgetting,nan
cifar224__simplecil__long_range_revisit__seed3,cifar224,simplecil,long_range_revisit,3,0,FWT,nan
cifar224__simplecil__long_range_revisit__seed3,cifar224,simplecil,long_range_revisit,3,0,RAG_mean,nan
cifar224__simplecil__long_range_revisit__seed3,cifar224,simplecil,long_range_revisit,3,0,Repetition_Gain,nan
cifar224__simplecil__long_range_revisit__seed3,cifar224,simplecil,long_range_revisit,3,1,A_t,0.894
cifar224__simplecil__long_range_revisit__seed3,cifar224,simplecil,long_range_revisit,3,1,AIA,0.9139999999999999
cifar224__simplecil__long_range_revisit__seed3,cifar224,simplecil,long_range_revisit,3,1,BWT,-0.02399999999999991
cifar224__simplecil__long_range_revisit__seed3,cifar224,simplecil,long_range_revisit,3,1,Forgetting,0.02399999999999991
cifar224__simplecil__long_range_revisit__seed3,cifar224,simplecil,long_range_revisit,3,1,FWT,0.9339999999999998
cifar224__simplecil__long_range_revisit__seed3,cifar224,simplecil,long_range_revisit,3,1,RAG_mean,nan
cifar224__simplecil__long_range_revisit__seed3,cifar224,simplecil,long_range_revisit,3,1,Repetition_Gain,nan
cifar224__simplecil__long_range_revisit__seed3,cifar224,simplecil,long_range_revisit,3,2,A_t,0.8753333333333334
cifar224__simplecil__long_range_revisit__seed3,cifar224,simplecil,long_range_revisit,3,2,AIA,0.9011111111111111
cifar224__simplecil__long_range_revisit__seed3,cifar224,simplecil,long_range_revisit,3,2,BWT,-0.039999999999999925
cifar224__simplecil__long_range_revisit__seed3,cifar224,simplecil,long_range_revisit,3,2,Forgetting,0.039999999999999925
cifar224__simplecil__long_range_revisit__seed3,cifar224,simplecil,long_range_revisit,3,2,FWT,0.9059999999999999
cifar224__simplecil__long_range_revisit__seed3,cifar224,simplecil,long_range_revisit,3,2,RAG_mean,nan
cifar224__simplecil__long_range_revisit__seed3,cifar224,simplecil,long_range_revisit,3,2,Repetition_Gain,nan
cifar224__simplecil__long_range_revisit__seed3,cifar224,simplecil,long_range_revisit,3,3,A_t,0.8419999999999999
cifar224__simplecil__long_range_revisit__seed3,cifar224,simplecil,long_range_revisit,3,3,AIA,0.8863333333333332
cifar224__simplecil__long_range_revisit__seed3,cifar224,simplecil,long_range_revisit,3,3,BWT,-0.045000000000000075
cifar224__simplecil__long_range_revisit__seed3,cifar224,simplecil,long_range_revisit,3,3,Forgetting,0.045000000000000075
cifar224__simplecil__long_range_revisit__seed3,cifar224,simplecil,long_range_revisit,3,3,FWT,0.902
cifar224__simplecil__long_range_revisit__seed3,cifar224,simplecil,long_range_revisit,3,3,RAG_mean,nan
cifar224__simplecil__long_range_revisit__seed3,cifar224,simplecil,long_range_revisit,3,3,Repetition_Gain,nan
cifar224__simplecil__long_range_revisit__seed3,cifar224,simplecil,long_range_revisit,3,4,A_t,0.8194000000000001
cifar224__simplecil__long_range_revisit__seed3,cifar224,simplecil,long_range_revisit,3,4,AIA,0.8729466666666665
cifar224__simplecil__long_range_revisit__seed3,cifar224,simplecil,long_range_revisit,3,4,BWT,-0.06474999999999995
cifar224__simplecil__long_range_revisit__seed3,cifar224,simplecil,long_range_revisit,3,4,Forgetting,0.06474999999999995
cifar224__simplecil__long_range_revisit__seed3,cifar224,simplecil,long_range_revisit,3,4,FWT,0.87575
cifar224__simplecil__long_range_revisit__seed3,cifar224,simplecil,long_range_revisit,3,4,RAG_mean,nan
cifar224__simplecil__long_range_revisit__seed3,cifar224,simplecil,long_range_revisit,3,4,Repetition_Gain,nan
cifar224__simplecil__long_range_revisit__seed3,cifar224,simplecil,long_range_revisit,3,5,A_t,0.7956666666666665
cifar224__simplecil__long_range_revisit__seed3,cifar224,simplecil,long_range_revisit,3,5,AIA,0.8600666666666665
cifar224__simplecil__long_range_revisit__seed3,cifar224,simplecil,long_range_revisit,3,5,BWT,-0.07040000000000005
cifar224__simplecil__long_range_revisit__seed3,cifar224,simplecil,long_range_revisit,3,5,Forgetting,0.07040000000000005
cifar224__simplecil__long_range_revisit__seed3,cifar224,simplecil,long_range_revisit,3,5,FWT,0.8712
cifar224__simplecil__long_range_revisit__seed3,cifar224,simplecil,long_range_revisit,3,5,RAG_mean,nan
cifar224__simplecil__long_range_revisit__seed3,cifar224,simplecil,long_range_revisit,3,5,Repetition_Gain,nan
cifar224__simplecil__long_range_revisit__seed3,cifar224,simplecil,long_range_revisit,3,6,A_t,0.793
cifar224__simplecil__long_range_revisit__seed3,cifar224,simplecil,long_range_revisit,3,6,AIA,0.8504857142857142
cifar224__simplecil__long_range_revisit__seed3,cifar224,simplecil,long_range_revisit,3,6,BWT,-0.06916666666666665
cifar224__simplecil__long_range_revisit__seed3,cifar224,simplecil,long_range_revisit,3,6,Forgetting,0.06916666666666665
cifar224__simplecil__long_range_revisit__seed3,cifar224,simplecil,long_range_revisit,3,6,FWT,0.8543333333333333
cifar224__simplecil__long_range_revisit__seed3,cifar224,simplecil,long_range_revisit,3,6,RAG_mean,nan
cifar224__simplecil__long_range_revisit__seed3,cifar224,simplecil,long_range_revisit,3,6,Repetition_Gain,nan
cifar224__simplecil__long_range_revisit__seed3,cifar224,simplecil,long_range_revisit,3,7,A_t,0.772625
cifar224__simplecil__long_range_revisit__seed3,cifar224,simplecil,long_range_revisit,3,7,AIA,0.840753125
cifar224__simplecil__long_range_revisit__seed3,cifar224,simplecil,long_range_revisit,3,7,BWT,-0.07314285714285718
cifar224__simplecil__long_range_revisit__seed3,cifar224,simplecil,long_range_revisit,3,7,Forgetting,0.07314285714285718
cifar224__simplecil__long_range_revisit__seed3,cifar224,simplecil,long_range_revisit,3,7,FWT,0.8522857142857142
cifar224__simplecil__long_range_revisit__seed3,cifar224,simplecil,long_range_revisit,3,7,RAG_mean,nan
cifar224__simplecil__long_range_revisit__seed3,cifar224,simplecil,long_range_revisit,3,7,Repetition_Gain,nan
cifar224__simplecil__long_range_revisit__seed3,cifar224,simplecil,long_range_revisit,3,8,A_t,0.7605555555555555
cifar224__simplecil__long_range_revisit__seed3,cifar224,simplecil,long_range_revisit,3,8,AIA,0.8318422839506172
cifar224__simplecil__long_range_revisit__seed3,cifar224,simplecil,long_range_revisit,3,8,BWT,-0.07775000000000007
cifar224__simplecil__long_range_revisit__seed3,cifar224,simplecil,long_range_revisit,3,8,Forgetting,0.07775000000000007
cifar224__simplecil__long_range_revisit__seed3,cifar224,simplecil,long_range_revisit,3,8,FWT,0.8366250000000001
cifar224__simplecil__long_range_revisit__seed3,cifar224,simplecil,long_range_revisit,3,8,RAG_mean,nan
cifar224__simplecil__long_range_revisit__seed3,cifar224,simplecil,long_range_revisit,3,8,Repetition_Gain,nan
cifar224__simplecil__long_range_revisit__seed3,cifar224,simplecil,long_range_revisit,3,9,A_t,0.6857
cifar224__simplecil__long_range_revisit__seed3,cifar224,simplecil,long_range_revisit,3,9,AIA,0.8172280555555556
cifar224__simplecil__long_range_revisit__seed3,cifar224,simplecil,long_range_revisit,3,9,BWT,-0.10933333333333335
cifar224__simplecil__long_range_revisit__seed3,cifar224,simplecil,long_range_revisit,3,9,Forgetting,0.10933333333333335
cifar224__simplecil__long_range_revisit__seed3,cifar224,simplecil,long_range_revisit,3,9,FWT,0.8296666666666668
cifar224__simplecil__long_range_revisit__seed3,cifar224,simplecil,long_range_revisit,3,9,RAG_mean,nan
cifar224__simplecil__long_range_revisit__seed3,cifar224,simplecil,long_range_revisit,3,9,Repetition_Gain,nan
cifar224__simplecil__long_range_revisit__seed3,cifar224,simplecil,long_range_revisit,3,9,Anchor_Retention,nan
cifar224__simplecil__long_range_revisit__seed3,cifar224,simplecil,long_range_revisit,3,9,Long_Range_Retention,0.43
cifar224__simplecil__mid_range_revisit__seed1,cifar224,simplecil,mid_range_revisit,1,0,A_t,0.9289999999999999
cifar224__simplecil__mid_range_revisit__seed1,cifar224,simplecil,mid_range_revisit,1,0,AIA,0.9289999999999999
cifar224__simplecil__mid_range_revisit__seed1,cifar224,simplecil,mid_range_revisit,1,0,BWT,nan
cifar224__simplecil__mid_range_revisit__seed1,cifar224,simplecil,mid_range_revisit,1,0,Forgetting,nan
cifar224__simplecil__mid_range_revisit__seed1,cifar224,simplecil,mid_range_revisit,1,0,FWT,nan
cifar224__simplecil__mid_range_revisit__seed1,cifar224,simplecil,mid_range_revisit,1,0,RAG_mean,nan
cifar224__simplecil__mid_range_revisit__seed1,cifar224,simplecil,mid_range_revisit,1,0,Repetition_Gain,nan
cifar224__simplecil__mid_range_revisit__seed1,cifar224,simplecil,mid_range_revisit,1,1,A_t,0.887
cifar224__simplecil__mid_range_revisit__seed1,cifar224,simplecil,mid_range_revisit,1,1,AIA,0.9079999999999999
cifar224__simplecil__mid_range_revisit__seed1,cifar224,simplecil,mid_range_revisit,1,1,BWT,-0.03299999999999981
cifar224__simplecil__mid_range_revisit__seed1,cifar224,simplecil,mid_range_revisit,1,1,Forgetting,0.03299999999999981
cifar224__simplecil__mid_range_revisit__seed1,cifar224,simplecil,mid_range_revisit,1,1,FWT,0.9289999999999999
cifar224__simplecil__mid_range_revisit__seed1,cifar224,simplecil,mid_range_revisit,1,1,RAG_mean,nan
cifar224__simplecil__mid_range_revisit__seed1,cifar224,simplecil,mid_range_revisit,1,1,Repetition_Gain,nan
cifar224__simplecil__mid_range_revisit__seed1,cifar224,simplecil,mid_range_revisit,1,2,A_t,0.8730000000000001
cifar224__simplecil__mid_range_revisit__seed1,cifar224,simplecil,mid_range_revisit,1,2,AIA,0.8963333333333333
cifar224__simplecil__mid_range_revisit__seed1,cifar224,simplecil,mid_range_revisit,1,2,BWT,-0.03899999999999987
cifar224__simplecil__mid_range_revisit__seed1,cifar224,simplecil,mid_range_revisit,1,2,Forgetting,0.03899999999999987
cifar224__simplecil__mid_range_revisit__seed1,cifar224,simplecil,mid_range_revisit,1,2,FWT,0.9035
cifar224__simplecil__mid_range_revisit__seed1,cifar224,simplecil,mid_range_revisit,1,2,RAG_mean,nan
cifar224__simplecil__mid_range_revisit__seed1,cifar224,simplecil,mid_range_revisit,1,2,Repetition_Gain,nan
cifar224__simplecil__mid_range_revisit__seed1,cifar224,simplecil,mid_range_revisit,1,3,A_t,0.8380000000000001
cifar224__simplecil__mid_range_revisit__seed1,cifar224,simplecil,mid_range_revisit,1,3,AIA,0.88175
cifar224__simplecil__mid_range_revisit__seed1,cifar224,simplecil,mid_range_revisit,1,3,BWT,-0.045999999999999965
cifar224__simplecil__mid_range_revisit__seed1,cifar224,simplecil,mid_range_revisit,1,3,Forgetting,0.045999999999999965
cifar224__simplecil__mid_range_revisit__seed1,cifar224,simplecil,mid_range_revisit,1,3,FWT,0.899
cifar224__simplecil__mid_range_revisit__seed1,cifar224,simplecil,mid_range_revisit,1,3,RAG_mean,nan
cifar224__simplecil__mid_range_revisit__seed1,cifar224,simplecil,mid_range_revisit,1,3,Repetition_Gain,nan
cifar224__simplecil__mid_range_revisit__seed1,cifar224,simplecil,mid_range_revisit,1,4,A_t,0.8141999999999999
cifar224__simplecil__mid_range_revisit__seed1,cifar224,simplecil,mid_range_revisit,1,4,AIA,0.8682399999999999
cifar224__simplecil__mid_range_revisit__seed1,cifar224,simplecil,mid_range_revisit,1,4,BWT,-0.06425000000000003
cifar224__simplecil__mid_range_revisit__seed1,cifar224,simplecil,mid_range_revisit,1,4,Forgetting,0.06425000000000003
cifar224__simplecil__mid_range_revisit__seed1,cifar224,simplecil,mid_range_revisit,1,4,FWT,0.8725
cifar224__simplecil__mid_range_revisit__seed1,cifar224,simplecil,mid_range_revisit,1,4,RAG_mean,nan
cifar224__simplecil__mid_range_revisit__seed1,cifar224,simplecil,mid_range_revisit,1,4,Repetition_Gain,nan
cifar224__simplecil__mid_range_revisit__seed1,cifar224,simplecil,mid_range_revisit,1,5,A_t,0.793
cifar224__simplecil__mid_range_revisit__seed1,cifar224,simplecil,mid_range_revisit,1,5,AIA,0.8557
cifar224__simplecil__mid_range_revisit__seed1,cifar224,simplecil,mid_range_revisit,1,5,BWT,-0.06739999999999999
cifar224__simplecil__mid_range_revisit__seed1,cifar224,simplecil,mid_range_revisit,1,5,Forgetting,0.06739999999999999
cifar224__simplecil__mid_range_revisit__seed1,cifar224,simplecil,mid_range_revisit,1,5,FWT,0.8656
cifar224__simplecil__mid_range_revisit__seed1,cifar224,simplecil,mid_range_revisit,1,5,RAG_mean,nan
cifar224__simplecil__mid_range_revisit__seed1,cifar224,simplecil,mid_range_revisit,1,5,Repetition_Gain,nan
cifar224__simplecil__mid_range_revisit__seed1,cifar224,simplecil,mid_range_revisit,1,6,A_t,0.7908571428571428
cifar224__simplecil__mid_range_revisit__seed1,cifar224,simplecil,mid_range_revisit,1,6,AIA,0.8464367346938776
cifar224__simplecil__mid_range_revisit__seed1,cifar224,simplecil,mid_range_revisit,1,6,BWT,-0.06683333333333334
cifar224__simplecil__mid_range_revisit__seed1,cifar224,simplecil,mid_range_revisit,1,6,Forgetting,0.06683333333333334
cifar224__simplecil__mid_range_revisit__seed1,cifar224,simplecil,mid_range_revisit,1,6,FWT,0.8491666666666667
cifar224__simplecil__mid_range_revisit__seed1,cifar224,simplecil,mid_range_revisit,1,6,RAG_mean,nan
cifar224__simplecil__mid_range_revisit__seed1,cifar224,simplecil,mid_range_revisit,1,6,Repetition_Gain,nan
cifar224__simplecil__mid_range_revisit__seed1,cifar224,simplecil,mid_range_revisit,1,7,A_t,0.7705
cifar224__simplecil__mid_range_revisit__seed1,cifar224,simplecil,mid_range_revisit,1,7,AIA,0.8369446428571429
cifar224__simplecil__mid_range_revisit__seed1,cifar224,simplecil,mid_range_revisit,1,7,BWT,-0.07142857142857141
cifar224__simplecil__mid_range_revisit__seed1,cifar224,simplecil,mid_range_revisit,1,7,Forgetting,0.07142857142857141
cifar224__simplecil__mid_range_revisit__seed1,cifar224,simplecil,mid_range_revisit,1,7,FWT,0.8481428571428572
cifar224__simplecil__mid_range_revisit__seed1,cifar224,simplecil,mid_range_revisit,1,7,RAG_mean,nan
cifar224__simplecil__mid_range_revisit__seed1,cifar224,simplecil,mid_range_revisit,1,7,Repetition_Gain,nan
cifar224__simplecil__mid_range_revisit__seed1,cifar224,simplecil,mid_range_revisit,1,8,A_t,0.7583333333333333
cifar224__simplecil__mid_range_revisit__seed1,cifar224,simplecil,mid_range_revisit,1,8,AIA,0.828210052910053
cifar224__simplecil__mid_range_revisit__seed1,cifar224,simplecil,mid_range_revisit,1,8,BWT,-0.076625
cifar224__simplecil__mid_range_revisit__seed1,cifar224,simplecil,mid_range_revisit,1,8,Forgetting,0.076625
cifar224__simplecil__mid_range_revisit__seed1,cifar224,simplecil,mid_range_revisit,1,8,FWT,0.8330000000000001
cifar224__simplecil__mid_range_revisit__seed1,cifar224,simplecil,mid_range_revisit,1,8,RAG_mean,nan
cifar224__simplecil__mid_range_revisit__seed1,cifar224,simplecil,mid_range_revisit,1,8,Repetition_Gain,nan
cifar224__simplecil__mid_range_revisit__seed1,cifar224,simplecil,mid_range_revisit,1,9,A_t,0.6828000000000001
cifar224__simplecil__mid_range_revisit__seed1,cifar224,simplecil,mid_range_revisit,1,9,AIA,0.8136690476190477
cifar224__simplecil__mid_range_revisit__seed1,cifar224,simplecil,mid_range_revisit,1,9,BWT,-0.1146666666666667
cifar224__simplecil__mid_range_revisit__seed1,cifar224,simplecil,mid_range_revisit,1,9,Forgetting,0.1146666666666667
cifar224__simplecil__mid_range_revisit__seed1,cifar224,simplecil,mid_range_revisit,1,9,FWT,0.8264444444444445
cifar224__simplecil__mid_range_revisit__seed1,cifar224,simplecil,mid_range_revisit,1,9,RAG_mean,nan
cifar224__simplecil__mid_range_revisit__seed1,cifar224,simplecil,mid_range_revisit,1,9,Repetition_Gain,nan
cifar224__simplecil__mid_range_revisit__seed1,cifar224,simplecil,mid_range_revisit,1,9,Anchor_Retention,nan
cifar224__simplecil__mid_range_revisit__seed1,cifar224,simplecil,mid_range_revisit,1,9,Long_Range_Retention,0.372
cifar224__simplecil__mid_range_revisit__seed2,cifar224,simplecil,mid_range_revisit,2,0,A_t,0.9299999999999999
cifar224__simplecil__mid_range_revisit__seed2,cifar224,simplecil,mid_range_revisit,2,0,AIA,0.9299999999999999
cifar224__simplecil__mid_range_revisit__seed2,cifar224,simplecil,mid_range_revisit,2,0,BWT,nan
cifar224__simplecil__mid_range_revisit__seed2,cifar224,simplecil,mid_range_revisit,2,0,Forgetting,nan
cifar224__simplecil__mid_range_revisit__seed2,cifar224,simplecil,mid_range_revisit,2,0,FWT,nan
cifar224__simplecil__mid_range_revisit__seed2,cifar224,simplecil,mid_range_revisit,2,0,RAG_mean,nan
cifar224__simplecil__mid_range_revisit__seed2,cifar224,simplecil,mid_range_revisit,2,0,Repetition_Gain,nan
cifar224__simplecil__mid_range_revisit__seed2,cifar224,simplecil,mid_range_revisit,2,1,A_t,0.8880000000000001
cifar224__simplecil__mid_range_revisit__seed2,cifar224,simplecil,mid_range_revisit,2,1,AIA,0.909
cifar224__simplecil__mid_range_revisit__seed2,cifar224,simplecil,mid_range_revisit,2,1,BWT,-0.030999999999999917
cifar224__simplecil__mid_range_revisit__seed2,cifar224,simplecil,mid_range_revisit,2,1,Forgetting,0.030999999999999917
cifar224__simplecil__mid_range_revisit__seed2,cifar224,simplecil,mid_range_revisit,2,1,FWT,0.9299999999999999
cifar224__simplecil__mid_range_revisit__seed2,cifar224,simplecil,mid_range_revisit,2,1,RAG_mean,nan
cifar224__simplecil__mid_range_revisit__seed2,cifar224,simplecil,mid_range_revisit,2,1,Repetition_Gain,nan
cifar224__simplecil__mid_range_revisit__seed2,cifar224,simplecil,mid_range_revisit,2,2,A_t,0.8736666666666668
cifar224__simplecil__mid_range_revisit__seed2,cifar224,simplecil,mid_range_revisit,2,2,AIA,0.8972222222222223
cifar224__simplecil__mid_range_revisit__seed2,cifar224,simplecil,mid_range_revisit,2,2,BWT,-0.039000000000000035
cifar224__simplecil__mid_range_revisit__seed2,cifar224,simplecil,mid_range_revisit,2,2,Forgetting,0.039000000000000035
cifar224__simplecil__mid_range_revisit__seed2,cifar224,simplecil,mid_range_revisit,2,2,FWT,0.9035
cifar224__simplecil__mid_range_revisit__seed2,cifar224,simplecil,mid_range_revisit,2,2,RAG_mean,nan
cifar224__simplecil__mid_range_revisit__seed2,cifar224,simplecil,mid_range_revisit,2,2,Repetition_Gain,nan
cifar224__simplecil__mid_range_revisit__seed2,cifar224,simplecil,mid_range_revisit,2,3,A_t,0.84025
cifar224__simplecil__mid_range_revisit__seed2,cifar224,simplecil,mid_range_revisit,2,3,AIA,0.8829791666666668
cifar224__simplecil__mid_range_revisit__seed2,cifar224,simplecil,mid_range_revisit,2,3,BWT,-0.04500000000000004
cifar224__simplecil__mid_range_revisit__seed2,cifar224,simplecil,mid_range_revisit,2,3,Forgetting,0.04500000000000004
cifar224__simplecil__mid_range_revisit__seed2,cifar224,simplecil,mid_range_revisit,2,3,FWT,0.8996666666666666
cifar224__simplecil__mid_range_revisit__seed2,cifar224,simplecil,mid_range_revisit,2,3,RAG_mean,nan
cifar224__simplecil__mid_range_revisit__seed2,cifar224,simplecil,mid_range_revisit,2,3,Repetition_Gain,nan
cifar224__simplecil__mid_range_revisit__seed2,cifar224,simplecil,mid_range_revisit,2,4,A_t,0.8144
cifar224__simplecil__mid_range_revisit__seed2,cifar224,simplecil,mid_range_revisit,2,4,AIA,0.8692633333333333
cifar224__simplecil__mid_range_revisit__seed2,cifar224,simplecil,mid_range_revisit,2,4,BWT,-0.06350000000000003
cifar224__simplecil__mid_range_revisit__seed2,cifar224,simplecil,mid_range_revisit,2,4,Forgetting,0.06350000000000003
cifar224__simplecil__mid_range_revisit__seed2,cifar224,simplecil,mid_range_revisit,2,4,FWT,0.874
cifar224__simplecil__mid_range_revisit__seed2,cifar224,simplecil,mid_range_revisit,2,4,RAG_mean,nan
cifar224__simplecil__mid_range_revisit__seed2,cifar224,simplecil,mid_range_revisit,2,4,Repetition_Gain,nan
cifar224__simplecil__mid_range_revisit__seed2,cifar224,simplecil,mid_range_revisit,2,5,A_t,0.7936666666666667
cifar224__simplecil__mid_range_revisit__seed2,cifar224,simplecil,mid_range_revisit,2,5,AIA,0.8566638888888889
cifar224__simplecil__mid_range_revisit__seed2,cifar224,simplecil,mid_range_revisit,2,5,BWT,-0.06700000000000003
cifar224__simplecil__mid_range_revisit__seed2,cifar224,simplecil,mid_range_revisit,2,5,Forgetting,0.06700000000000003
cifar224__simplecil__mid_range_revisit__seed2,cifar224,simplecil,mid_range_revisit,2,5,FWT,0.8652000000000001
cifar224__simplecil__mid_range_revisit__seed2,cifar224,simplecil,mid_range_revisit,2,5,RAG_mean,nan
cifar224__simplecil__mid_range_revisit__seed2,cifar224,simplecil,mid_range_revisit,2,5,Repetition_Gain,nan
cifar224__simplecil__mid_range_revisit__seed2,cifar224,simplecil,mid_range_revisit,2,6,A_t,0.7914285714285716
cifar224__simplecil__mid_range_revisit__seed2,cifar224,simplecil,mid_range_revisit,2,6,AIA,0.8473445578231293
cifar224__simplecil__mid_range_revisit__seed2,cifar224,simplecil,mid_range_revisit,2,6,BWT,-0.0671666666666667
cifar224__simplecil__mid_range_revisit__seed2,cifar224,simplecil,mid_range_revisit,2,6,Forgetting,0.0671666666666667
cifar224__simplecil__mid_range_revisit__seed2,cifar224,simplecil,mid_range_revisit,2,6,FWT,0.8495
cifar224__simplecil__mid_range_revisit__seed2,cifar224,simplecil,mid_range_revisit,2,6,RAG_mean,nan
cifar224__simplecil__mid_range_revisit__seed2,cifar224,simplecil,mid_range_revisit,2,6,Repetition_Gain,nan
cifar224__simplecil__mid_range_revisit__seed2,cifar224,simplecil,mid_range_revisit,2,7,A_t,0.7706250000000001
cifar224__simplecil__mid_range_revisit__seed2,cifar224,simplecil,mid_range_revisit,2,7,AIA,0.8377546130952382
cifar224__simplecil__mid_range_revisit__seed2,cifar224,simplecil,mid_range_revisit,2,7,BWT,-0.07142857142857147
cifar224__simplecil__mid_range_revisit__seed2,cifar224,simplecil,mid_range_revisit,2,7,Forgetting,0.07142857142857147
cifar224__simplecil__mid_range_revisit__seed2,cifar224,simplecil,mid_range_revisit,2,7,FWT,0.8490000000000001
cifar224__simplecil__mid_range_revisit__seed2,cifar224,simplecil,mid_range_revisit,2,7,RAG_mean,nan
cifar224__simplecil__mid_range_revisit__seed2,cifar224,simplecil,mid_range_revisit,2,7,Repetition_Gain,nan
cifar224__simplecil__mid_range_revisit__seed2,cifar224,simplecil,mid_range_revisit,2,8,A_t,0.7585555555555555
cifar224__simplecil__mid_range_revisit__seed2,cifar224,simplecil,mid_range_revisit,2,8,AIA,0.8289547178130513
cifar224__simplecil__mid_range_revisit__seed2,cifar224,simplecil,mid_range_revisit,2,8,BWT,-0.07637500000000004
cifar224__simplecil__mid_range_revisit__seed2,cifar224,simplecil,mid_range_revisit,2,8,Forgetting,0.07637500000000004
cifar224__simplecil__mid_range_revisit__seed2,cifar224,simplecil,mid_range_revisit,2,8,FWT,0.8331250000000001
cifar224__simplecil__mid_range_revisit__seed2,cifar224,simplecil,mid_range_revisit,2,8,RAG_mean,nan
cifar224__simplecil__mid_range_revisit__seed2,cifar224,simplecil,mid_range_revisit,2,8,Repetition_Gain,nan
cifar224__simplecil__mid_range_revisit__seed2,cifar224,simplecil,mid_range_revisit,2,9,A_t,0.6832
cifar224__simplecil__mid_range_revisit__seed2,cifar224,simplecil,mid_range_revisit,2,9,AIA,0.8143792460317462
cifar224__simplecil__mid_range_revisit__seed2,cifar224,simplecil,mid_range_revisit,2,9,BWT,-0.11533333333333336
cifar224__simplecil__mid_range_revisit__seed2,cifar224,simplecil,mid_range_revisit,2,9,Forgetting,0.11533333333333336
cifar224__simplecil__mid_range_revisit__seed2,cifar224,simplecil,mid_range_revisit,2,9,FWT,0.8264444444444445
cifar224__simplecil__mid_range_revisit__seed2,cifar224,simplecil,mid_range_revisit,2,9,RAG_mean,nan
cifar224__simplecil__mid_range_revisit__seed2,cifar224,simplecil,mid_range_revisit,2,9,Repetition_Gain,nan
cifar224__simplecil__mid_range_revisit__seed2,cifar224,simplecil,mid_range_revisit,2,9,Anchor_Retention,nan
cifar224__simplecil__mid_range_revisit__seed2,cifar224,simplecil,mid_range_revisit,2,9,Long_Range_Retention,0.36200000000000004
cifar224__simplecil__mid_range_revisit__seed3,cifar224,simplecil,mid_range_revisit,3,0,A_t,0.931
cifar224__simplecil__mid_range_revisit__seed3,cifar224,simplecil,mid_range_revisit,3,0,AIA,0.931
cifar224__simplecil__mid_range_revisit__seed3,cifar224,simplecil,mid_range_revisit,3,0,BWT,nan
cifar224__simplecil__mid_range_revisit__seed3,cifar224,simplecil,mid_range_revisit,3,0,Forgetting,nan
cifar224__simplecil__mid_range_revisit__seed3,cifar224,simplecil,mid_range_revisit,3,0,FWT,nan
cifar224__simplecil__mid_range_revisit__seed3,cifar224,simplecil,mid_range_revisit,3,0,RAG_mean,nan
cifar224__simplecil__mid_range_revisit__seed3,cifar224,simplecil,mid_range_revisit,3,0,Repetition_Gain,nan
cifar224__simplecil__mid_range_revisit__seed3,cifar224,simplecil,mid_range_revisit,3,1,A_t,0.8879999999999999
cifar224__simplecil__mid_range_revisit__seed3,cifar224,simplecil,mid_range_revisit,3,1,AIA,0.9095
cifar224__simplecil__mid_range_revisit__seed3,cifar224,simplecil,mid_range_revisit,3,1,BWT,-0.03300000000000003
cifar224__simplecil__mid_range_revisit__seed3,cifar224,simplecil,mid_range_revisit,3,1,Forgetting,0.03300000000000003
cifar224__simplecil__mid_range_revisit__seed3,cifar224,simplecil,mid_range_revisit,3,1,FWT,0.931
cifar224__simplecil__mid_range_revisit__seed3,cifar224,simplecil,mid_range_revisit,3,1,RAG_mean,nan
cifar224__simplecil__mid_range_revisit__seed3,cifar224,simplecil,mid_range_revisit,3,1,Repetition_Gain,nan
cifar224__simplecil__mid_range_revisit__seed3,cifar224,simplecil,mid_range_revisit,3,2,A_t,0.8723333333333333
cifar224__simplecil__mid_range_revisit__seed3,cifar224,simplecil,mid_range_revisit,3,2,AIA,0.8971111111111111
cifar224__simplecil__mid_range_revisit__seed3,cifar224,simplecil,mid_range_revisit,3,2,BWT,-0.040999999999999814
cifar224__simplecil__mid_range_revisit__seed3,cifar224,simplecil,mid_range_revisit,3,2,Forgetting,0.040999999999999814
cifar224__simplecil__mid_range_revisit__seed3,cifar224,simplecil,mid_range_revisit,3,2,FWT,0.9045
cifar224__simplecil__mid_range_revisit__seed3,cifar224,simplecil,mid_range_revisit,3,2,RAG_mean,nan
cifar224__simplecil__mid_range_revisit__seed3,cifar224,simplecil,mid_range_revisit,3,2,Repetition_Gain,nan
cifar224__simplecil__mid_range_revisit__seed3,cifar224,simplecil,mid_range_revisit,3,3,A_t,0.83825
cifar224__simplecil__mid_range_revisit__seed3,cifar224,simplecil,mid_range_revisit,3,3,AIA,0.8823958333333333
cifar224__simplecil__mid_range_revisit__seed3,cifar224,simplecil,mid_range_revisit,3,3,BWT,-0.046666666666666634
cifar224__simplecil__mid_range_revisit__seed3,cifar224,simplecil,mid_range_revisit,3,3,Forgetting,0.046666666666666634
cifar224__simplecil__mid_range_revisit__seed3,cifar224,simplecil,mid_range_revisit,3,3,FWT,0.8996666666666666
cifar224__simplecil__mid_range_revisit__seed3,cifar224,simplecil,mid_range_revisit,3,3,RAG_mean,nan
cifar224__simplecil__mid_range_revisit__seed3,cifar224,simplecil,mid_range_revisit,3,3,Repetition_Gain,nan
cifar224__simplecil__mid_range_revisit__seed3,cifar224,simplecil,mid_range_revisit,3,4,A_t,0.8213999999999999
cifar224__simplecil__mid_range_revisit__seed3,cifar224,simplecil,mid_range_revisit,3,4,AIA,0.8701966666666665
cifar224__simplecil__mid_range_revisit__seed3,cifar224,simplecil,mid_range_revisit,3,4,BWT,-0.06249999999999997
cifar224__simplecil__mid_range_revisit__seed3,cifar224,simplecil,mid_range_revisit,3,4,Forgetting,0.06249999999999997
cifar224__simplecil__mid_range_revisit__seed3,cifar224,simplecil,mid_range_revisit,3,4,FWT,0.87325
cifar224__simplecil__mid_range_revisit__seed3,cifar224,simplecil,mid_range_revisit,3,4,RAG_mean,nan
cifar224__simplecil__mid_range_revisit__seed3,cifar224,simplecil,mid_range_revisit,3,4,Repetition_Gain,nan
cifar224__simplecil__mid_range_revisit__seed3,cifar224,simplecil,mid_range_revisit,3,5,A_t,0.7981666666666668
cifar224__simplecil__mid_range_revisit__seed3,cifar224,simplecil,mid_range_revisit,3,5,AIA,0.8581916666666666
cifar224__simplecil__mid_range_revisit__seed3,cifar224,simplecil,mid_range_revisit,3,5,BWT,-0.0683999999999999
cifar224__simplecil__mid_range_revisit__seed3,cifar224,simplecil,mid_range_revisit,3,5,Forgetting,0.0683999999999999
cifar224__simplecil__mid_range_revisit__seed3,cifar224,simplecil,mid_range_revisit,3,5,FWT,0.8714000000000001
cifar224__simplecil__mid_range_revisit__seed3,cifar224,simplecil,mid_range_revisit,3,5,RAG_mean,nan
cifar224__simplecil__mid_range_revisit__seed3,cifar224,simplecil,mid_range_revisit,3,5,Repetition_Gain,nan
cifar224__simplecil__mid_range_revisit__seed3,cifar224,simplecil,mid_range_revisit,3,6,A_t,0.7947142857142857
cifar224__simplecil__mid_range_revisit__seed3,cifar224,simplecil,mid_range_revisit,3,6,AIA,0.8491234693877551
cifar224__simplecil__mid_range_revisit__seed3,cifar224,simplecil,mid_range_revisit,3,6,BWT,-0.06799999999999999
cifar224__simplecil__mid_range_revisit__seed3,cifar224,simplecil,mid_range_revisit,3,6,Forgetting,0.06799999999999999
cifar224__simplecil__mid_range_revisit__seed3,cifar224,simplecil,mid_range_revisit,3,6,FWT,0.8551666666666667
cifar224__simplecil__mid_range_revisit__seed3,cifar224,simplecil,mid_range_revisit,3,6,RAG_mean,nan
cifar224__simplecil__mid_range_revisit__seed3,cifar224,simplecil,mid_range_revisit,3,6,Repetition_Gain,nan
cifar224__simplecil__mid_range_revisit__seed3,cifar224,simplecil,mid_range_revisit,3,7,A_t,0.773625
cifar224__simplecil__mid_range_revisit__seed3,cifar224,simplecil,mid_range_revisit,3,7,AIA,0.8396861607142857
cifar224__simplecil__mid_range_revisit__seed3,cifar224,simplecil,mid_range_revisit,3,7,BWT,-0.07328571428571429
cifar224__simplecil__mid_range_revisit__seed3,cifar224,simplecil,mid_range_revisit,3,7,Forgetting,0.07328571428571429
cifar224__simplecil__mid_range_revisit__seed3,cifar224,simplecil,mid_range_revisit,3,7,FWT,0.853
cifar224__simplecil__mid_range_revisit__seed3,cifar224,simplecil,mid_range_revisit,3,7,RAG_mean,nan
cifar224__simplecil__mid_range_revisit__seed3,cifar224,simplecil,mid_range_revisit,3,7,Repetition_Gain,nan
cifar224__simplecil__mid_range_revisit__seed3,cifar224,simplecil,mid_range_revisit,3,8,A_t,0.7612222222222221
cifar224__simplecil__mid_range_revisit__seed3,cifar224,simplecil,mid_range_revisit,3,8,AIA,0.8309679453262786
cifar224__simplecil__mid_range_revisit__seed3,cifar224,simplecil,mid_range_revisit,3,8,BWT,-0.07800000000000007
cifar224__simplecil__mid_range_revisit__seed3,cifar224,simplecil,mid_range_revisit,3,8,Forgetting,0.07800000000000007
cifar224__simplecil__mid_range_revisit__seed3,cifar224,simplecil,mid_range_revisit,3,8,FWT,0.83775
cifar224__simplecil__mid_range_revisit__seed3,cifar224,simplecil,mid_range_revisit,3,8,RAG_mean,nan
cifar224__simplecil__mid_range_revisit__seed3,cifar224,simplecil,mid_range_revisit,3,8,Repetition_Gain,nan
cifar224__simplecil__mid_range_revisit__seed3,cifar224,simplecil,mid_range_revisit,3,9,A_t,0.6874
cifar224__simplecil__mid_range_revisit__seed3,cifar224,simplecil,mid_range_revisit,3,9,AIA,0.8166111507936508
cifar224__simplecil__mid_range_revisit__seed3,cifar224,simplecil,mid_range_revisit,3,9,BWT,-0.11722222222222227
cifar224__simplecil__mid_range_revisit__seed3,cifar224,simplecil,mid_range_revisit,3,9,Forgetting,0.11722222222222227
cifar224__simplecil__mid_range_revisit__seed3,cifar224,simplecil,mid_range_revisit,3,9,FWT,0.8305555555555555
cifar224__simplecil__mid_range_revisit__seed3,cifar224,simplecil,mid_range_revisit,3,9,RAG_mean,nan
cifar224__simplecil__mid_range_revisit__seed3,cifar224,simplecil,mid_range_revisit,3,9,Repetition_Gain,nan
cifar224__simplecil__mid_range_revisit__seed3,cifar224,simplecil,mid_range_revisit,3,9,Anchor_Retention,nan
cifar224__simplecil__mid_range_revisit__seed3,cifar224,simplecil,mid_range_revisit,3,9,Long_Range_Retention,0.392
cifar224__simplecil__partial_overlap__seed1,cifar224,simplecil,partial_overlap,1,0,A_t,0.9400000000000001
cifar224__simplecil__partial_overlap__seed1,cifar224,simplecil,partial_overlap,1,0,AIA,0.9400000000000001
cifar224__simplecil__partial_overlap__seed1,cifar224,simplecil,partial_overlap,1,0,BWT,nan
cifar224__simplecil__partial_overlap__seed1,cifar224,simplecil,partial_overlap,1,0,Forgetting,nan
cifar224__simplecil__partial_overlap__seed1,cifar224,simplecil,partial_overlap,1,0,FWT,nan
cifar224__simplecil__partial_overlap__seed1,cifar224,simplecil,partial_overlap,1,0,RAG_mean,nan
cifar224__simplecil__partial_overlap__seed1,cifar224,simplecil,partial_overlap,1,0,Repetition_Gain,nan
cifar224__simplecil__partial_overlap__seed1,cifar224,simplecil,partial_overlap,1,1,A_t,0.8919999999999999
cifar224__simplecil__partial_overlap__seed1,cifar224,simplecil,partial_overlap,1,1,AIA,0.9159999999999999
cifar224__simplecil__partial_overlap__seed1,cifar224,simplecil,partial_overlap,1,1,BWT,-0.037000000000000144
cifar224__simplecil__partial_overlap__seed1,cifar224,simplecil,partial_overlap,1,1,Forgetting,0.037000000000000144
cifar224__simplecil__partial_overlap__seed1,cifar224,simplecil,partial_overlap,1,1,FWT,0.9400000000000001
cifar224__simplecil__partial_overlap__seed1,cifar224,simplecil,partial_overlap,1,1,RAG_mean,nan
cifar224__simplecil__partial_overlap__seed1,cifar224,simplecil,partial_overlap,1,1,Repetition_Gain,nan
cifar224__simplecil__partial_overlap__seed1,cifar224,simplecil,partial_overlap,1,2,A_t,0.8770000000000001
cifar224__simplecil__partial_overlap__seed1,cifar224,simplecil,partial_overlap,1,2,AIA,0.903
cifar224__simplecil__partial_overlap__seed1,cifar224,simplecil,partial_overlap,1,2,BWT,-0.04349999999999987
cifar224__simplecil__partial_overlap__seed1,cifar224,simplecil,partial_overlap,1,2,Forgetting,0.04349999999999987
cifar224__simplecil__partial_overlap__seed1,cifar224,simplecil,partial_overlap,1,2,FWT,0.9105
cifar224__simplecil__partial_overlap__seed1,cifar224,simplecil,partial_overlap,1,2,RAG_mean,nan
cifar224__simplecil__partial_overlap__seed1,cifar224,simplecil,partial_overlap,1,2,Repetition_Gain,nan
cifar224__simplecil__partial_overlap__seed1,cifar224,simplecil,partial_overlap,1,3,A_t,0.8420000000000001
cifar224__simplecil__partial_overlap__seed1,cifar224,simplecil,partial_overlap,1,3,AIA,0.88775
cifar224__simplecil__partial_overlap__seed1,cifar224,simplecil,partial_overlap,1,3,BWT,-0.048666666666666636
cifar224__simplecil__partial_overlap__seed1,cifar224,simplecil,partial_overlap,1,3,Forgetting,0.048666666666666636
cifar224__simplecil__partial_overlap__seed1,cifar224,simplecil,partial_overlap,1,3,FWT,0.906
cifar224__simplecil__partial_overlap__seed1,cifar224,simplecil,partial_overlap,1,3,RAG_mean,nan
cifar224__simplecil__partial_overlap__seed1,cifar224,simplecil,partial_overlap,1,3,Repetition_Gain,nan
cifar224__simplecil__partial_overlap__seed1,cifar224,simplecil,partial_overlap,1,4,A_t,0.8198000000000001
cifar224__simplecil__partial_overlap__seed1,cifar224,simplecil,partial_overlap,1,4,AIA,0.87416
cifar224__simplecil__partial_overlap__seed1,cifar224,simplecil,partial_overlap,1,4,BWT,-0.06649999999999998
cifar224__simplecil__partial_overlap__seed1,cifar224,simplecil,partial_overlap,1,4,Forgetting,0.06649999999999998
cifar224__simplecil__partial_overlap__seed1,cifar224,simplecil,partial_overlap,1,4,FWT,0.8785000000000001
cifar224__simplecil__partial_overlap__seed1,cifar224,simplecil,partial_overlap,1,4,RAG_mean,nan
cifar224__simplecil__partial_overlap__seed1,cifar224,simplecil,partial_overlap,1,4,Repetition_Gain,nan
cifar224__simplecil__partial_overlap__seed1,cifar224,simplecil,partial_overlap,1,5,A_t,0.7975
cifar224__simplecil__partial_overlap__seed1,cifar224,simplecil,partial_overlap,1,5,AIA,0.8613833333333334
cifar224__simplecil__partial_overlap__seed1,cifar224,simplecil,partial_overlap,1,5,BWT,-0.06999999999999999
cifar224__simplecil__partial_overlap__seed1,cifar224,simplecil,partial_overlap,1,5,Forgetting,0.06999999999999999
cifar224__simplecil__partial_overlap__seed1,cifar224,simplecil,partial_overlap,1,5,FWT,0.873
cifar224__simplecil__partial_overlap__seed1,cifar224,simplecil,partial_overlap,1,5,RAG_mean,nan
cifar224__simplecil__partial_overlap__seed1,cifar224,simplecil,partial_overlap,1,5,Repetition_Gain,nan
cifar224__simplecil__partial_overlap__seed1,cifar224,simplecil,partial_overlap,1,6,A_t,0.7944285714285714
cifar224__simplecil__partial_overlap__seed1,cifar224,simplecil,partial_overlap,1,6,AIA,0.8518183673469387
cifar224__simplecil__partial_overlap__seed1,cifar224,simplecil,partial_overlap,1,6,BWT,-0.0695
cifar224__simplecil__partial_overlap__seed1,cifar224,simplecil,partial_overlap,1,6,Forgetting,0.0695
cifar224__simplecil__partial_overlap__seed1,cifar224,simplecil,partial_overlap,1,6,FWT,0.8558333333333333
cifar224__simplecil__partial_overlap__seed1,cifar224,simplecil,partial_overlap,1,6,RAG_mean,nan
cifar224__simplecil__partial_overlap__seed1,cifar224,simplecil,partial_overlap,1,6,Repetition_Gain,nan
cifar224__simplecil__partial_overlap__seed1,cifar224,simplecil,partial_overlap,1,7,A_t,0.773625
cifar224__simplecil__partial_overlap__seed1,cifar224,simplecil,partial_overlap,1,7,AIA,0.8420441964285714
cifar224__simplecil__partial_overlap__seed1,cifar224,simplecil,partial_overlap,1,7,BWT,-0.07399999999999997
cifar224__simplecil__partial_overlap__seed1,cifar224,simplecil,partial_overlap,1,7,Forgetting,0.07399999999999997
cifar224__simplecil__partial_overlap__seed1,cifar224,simplecil,partial_overlap,1,7,FWT,0.854
cifar224__simplecil__partial_overlap__seed1,cifar224,simplecil,partial_overlap,1,7,RAG_mean,nan
cifar224__simplecil__partial_overlap__seed1,cifar224,simplecil,partial_overlap,1,7,Repetition_Gain,nan
cifar224__simplecil__partial_overlap__seed1,cifar224,simplecil,partial_overlap,1,8,A_t,0.7614444444444444
cifar224__simplecil__partial_overlap__seed1,cifar224,simplecil,partial_overlap,1,8,AIA,0.8330886684303351
cifar224__simplecil__partial_overlap__seed1,cifar224,simplecil,partial_overlap,1,8,BWT,-0.07799999999999999
cifar224__simplecil__partial_overlap__seed1,cifar224,simplecil,partial_overlap,1,8,Forgetting,0.07799999999999999
cifar224__simplecil__partial_overlap__seed1,cifar224,simplecil,partial_overlap,1,8,FWT,0.838375
cifar224__simplecil__partial_overlap__seed1,cifar224,simplecil,partial_overlap,1,8,RAG_mean,nan
cifar224__simplecil__partial_overlap__seed1,cifar224,simplecil,partial_overlap,1,8,Repetition_Gain,nan
cifar224__simplecil__partial_overlap__seed1,cifar224,simplecil,partial_overlap,1,9,A_t,0.723
cifar224__simplecil__partial_overlap__seed1,cifar224,simplecil,partial_overlap,1,9,AIA,0.8220798015873017
cifar224__simplecil__partial_overlap__seed1,cifar224,simplecil,partial_overlap,1,9,BWT,-0.09477777777777774
cifar224__simplecil__partial_overlap__seed1,cifar224,simplecil,partial_overlap,1,9,Forgetting,0.09477777777777774
cifar224__simplecil__partial_overlap__seed1,cifar224,simplecil,partial_overlap,1,9,FWT,0.8307777777777777
cifar224__simplecil__partial_overlap__seed1,cifar224,simplecil,partial_overlap,1,9,RAG_mean,nan
cifar224__simplecil__partial_overlap__seed1,cifar224,simplecil,partial_overlap,1,9,Repetition_Gain,-0.4680000000000001
cifar224__simplecil__partial_overlap__seed1,cifar224,simplecil,partial_overlap,1,9,Anchor_Retention,nan
cifar224__simplecil__partial_overlap__seed1,cifar224,simplecil,partial_overlap,1,9,Long_Range_Retention,0.44400000000000006
cifar224__simplecil__partial_overlap__seed2,cifar224,simplecil,partial_overlap,2,0,A_t,0.9389999999999998
cifar224__simplecil__partial_overlap__seed2,cifar224,simplecil,partial_overlap,2,0,AIA,0.9389999999999998
cifar224__simplecil__partial_overlap__seed2,cifar224,simplecil,partial_overlap,2,0,BWT,nan
cifar224__simplecil__partial_overlap__seed2,cifar224,simplecil,partial_overlap,2,0,Forgetting,nan
cifar224__simplecil__partial_overlap__seed2,cifar224,simplecil,partial_overlap,2,0,FWT,nan
cifar224__simplecil__partial_overlap__seed2,cifar224,simplecil,partial_overlap,2,0,RAG_mean,nan
cifar224__simplecil__partial_overlap__seed2,cifar224,simplecil,partial_overlap,2,0,Repetition_Gain,nan
cifar224__simplecil__partial_overlap__seed2,cifar224,simplecil,partial_overlap,2,1,A_t,0.8905
cifar224__simplecil__partial_overlap__seed2,cifar224,simplecil,partial_overlap,2,1,AIA,0.91475
cifar224__simplecil__partial_overlap__seed2,cifar224,simplecil,partial_overlap,2,1,BWT,-0.03499999999999992
cifar224__simplecil__partial_overlap__seed2,cifar224,simplecil,partial_overlap,2,1,Forgetting,0.03499999999999992
cifar224__simplecil__partial_overlap__seed2,cifar224,simplecil,partial_overlap,2,1,FWT,0.9389999999999998
cifar224__simplecil__partial_overlap__seed2,cifar224,simplecil,partial_overlap,2,1,RAG_mean,nan
cifar224__simplecil__partial_overlap__seed2,cifar224,simplecil,partial_overlap,2,1,Repetition_Gain,nan
cifar224__simplecil__partial_overlap__seed2,cifar224,simplecil,partial_overlap,2,2,A_t,0.8753333333333334
cifar224__simplecil__partial_overlap__seed2,cifar224,simplecil,partial_overlap,2,2,AIA,0.901611111111111
cifar224__simplecil__partial_overlap__seed2,cifar224,simplecil,partial_overlap,2,2,BWT,-0.04149999999999987
cifar224__simplecil__partial_overlap__seed2,cifar224,simplecil,partial_overlap,2,2,Forgetting,0.04149999999999987
cifar224__simplecil__partial_overlap__seed2,cifar224,simplecil,partial_overlap,2,2,FWT,0.9079999999999999
cifar224__simplecil__partial_overlap__seed2,cifar224,simplecil,partial_overlap,2,2,RAG_mean,nan
cifar224__simplecil__partial_overlap__seed2,cifar224,simplecil,partial_overlap,2,2,Repetition_Gain,nan
cifar224__simplecil__partial_overlap__seed2,cifar224,simplecil,partial_overlap,2,3,A_t,0.8405
cifar224__simplecil__partial_overlap__seed2,cifar224,simplecil,partial_overlap,2,3,AIA,0.8863333333333333
cifar224__simplecil__partial_overlap__seed2,cifar224,simplecil,partial_overlap,2,3,BWT,-0.04833333333333323
cifar224__simplecil__partial_overlap__seed2,cifar224,simplecil,partial_overlap,2,3,Forgetting,0.04833333333333323
cifar224__simplecil__partial_overlap__seed2,cifar224,simplecil,partial_overlap,2,3,FWT,0.9029999999999999
cifar224__simplecil__partial_overlap__seed2,cifar224,simplecil,partial_overlap,2,3,RAG_mean,nan
cifar224__simplecil__partial_overlap__seed2,cifar224,simplecil,partial_overlap,2,3,Repetition_Gain,nan
cifar224__simplecil__partial_overlap__seed2,cifar224,simplecil,partial_overlap,2,4,A_t,0.8200000000000001
cifar224__simplecil__partial_overlap__seed2,cifar224,simplecil,partial_overlap,2,4,AIA,0.8730666666666667
cifar224__simplecil__partial_overlap__seed2,cifar224,simplecil,partial_overlap,2,4,BWT,-0.06449999999999986
cifar224__simplecil__partial_overlap__seed2,cifar224,simplecil,partial_overlap,2,4,Forgetting,0.06449999999999986
cifar224__simplecil__partial_overlap__seed2,cifar224,simplecil,partial_overlap,2,4,FWT,0.8767499999999999
cifar224__simplecil__partial_overlap__seed2,cifar224,simplecil,partial_overlap,2,4,RAG_mean,nan
cifar224__simplecil__partial_overlap__seed2,cifar224,simplecil,partial_overlap,2,4,Repetition_Gain,nan
cifar224__simplecil__partial_overlap__seed2,cifar224,simplecil,partial_overlap,2,5,A_t,0.7986666666666666
cifar224__simplecil__partial_overlap__seed2,cifar224,simplecil,partial_overlap,2,5,AIA,0.8606666666666666
cifar224__simplecil__partial_overlap__seed2,cifar224,simplecil,partial_overlap,2,5,BWT,-0.0686
cifar224__simplecil__partial_overlap__seed2,cifar224,simplecil,partial_overlap,2,5,Forgetting,0.0686
cifar224__simplecil__partial_overlap__seed2,cifar224,simplecil,partial_overlap,2,5,FWT,0.8715999999999999
cifar224__simplecil__partial_overlap__seed2,cifar224,simplecil,partial_overlap,2,5,RAG_mean,nan
cifar224__simplecil__partial_overlap__seed2,cifar224,simplecil,partial_overlap,2,5,Repetition_Gain,nan
cifar224__simplecil__partial_overlap__seed2,cifar224,simplecil,partial_overlap,2,6,A_t,0.7952857142857143
cifar224__simplecil__partial_overlap__seed2,cifar224,simplecil,partial_overlap,2,6,AIA,0.8513265306122448
cifar224__simplecil__partial_overlap__seed2,cifar224,simplecil,partial_overlap,2,6,BWT,-0.06866666666666665
cifar224__simplecil__partial_overlap__seed2,cifar224,simplecil,partial_overlap,2,6,Forgetting,0.06866666666666665
cifar224__simplecil__partial_overlap__seed2,cifar224,simplecil,partial_overlap,2,6,FWT,0.8558333333333333
cifar224__simplecil__partial_overlap__seed2,cifar224,simplecil,partial_overlap,2,6,RAG_mean,nan
cifar224__simplecil__partial_overlap__seed2,cifar224,simplecil,partial_overlap,2,6,Repetition_Gain,nan
cifar224__simplecil__partial_overlap__seed2,cifar224,simplecil,partial_overlap,2,7,A_t,0.774125
cifar224__simplecil__partial_overlap__seed2,cifar224,simplecil,partial_overlap,2,7,AIA,0.8416763392857143
cifar224__simplecil__partial_overlap__seed2,cifar224,simplecil,partial_overlap,2,7,BWT,-0.07299999999999998
cifar224__simplecil__partial_overlap__seed2,cifar224,simplecil,partial_overlap,2,7,Forgetting,0.07299999999999998
cifar224__simplecil__partial_overlap__seed2,cifar224,simplecil,partial_overlap,2,7,FWT,0.8541428571428572
cifar224__simplecil__partial_overlap__seed2,cifar224,simplecil,partial_overlap,2,7,RAG_mean,nan
cifar224__simplecil__partial_overlap__seed2,cifar224,simplecil,partial_overlap,2,7,Repetition_Gain,nan
cifar224__simplecil__partial_overlap__seed2,cifar224,simplecil,partial_overlap,2,8,A_t,0.7617777777777778
cifar224__simplecil__partial_overlap__seed2,cifar224,simplecil,partial_overlap,2,8,AIA,0.832798721340388
cifar224__simplecil__partial_overlap__seed2,cifar224,simplecil,partial_overlap,2,8,BWT,-0.07762500000000001
cifar224__simplecil__partial_overlap__seed2,cifar224,simplecil,partial_overlap,2,8,Forgetting,0.07762500000000001
cifar224__simplecil__partial_overlap__seed2,cifar224,simplecil,partial_overlap,2,8,FWT,0.838
cifar224__simplecil__partial_overlap__seed2,cifar224,simplecil,partial_overlap,2,8,RAG_mean,nan
cifar224__simplecil__partial_overlap__seed2,cifar224,simplecil,partial_overlap,2,8,Repetition_Gain,nan
cifar224__simplecil__partial_overlap__seed2,cifar224,simplecil,partial_overlap,2,9,A_t,0.7232000000000001
cifar224__simplecil__partial_overlap__seed2,cifar224,simplecil,partial_overlap,2,9,AIA,0.8218388492063491
cifar224__simplecil__partial_overlap__seed2,cifar224,simplecil,partial_overlap,2,9,BWT,-0.09544444444444439
cifar224__simplecil__partial_overlap__seed2,cifar224,simplecil,partial_overlap,2,9,Forgetting,0.09544444444444439
cifar224__simplecil__partial_overlap__seed2,cifar224,simplecil,partial_overlap,2,9,FWT,0.8307777777777777
cifar224__simplecil__partial_overlap__seed2,cifar224,simplecil,partial_overlap,2,9,RAG_mean,nan
cifar224__simplecil__partial_overlap__seed2,cifar224,simplecil,partial_overlap,2,9,Repetition_Gain,-0.45200000000000007
cifar224__simplecil__partial_overlap__seed2,cifar224,simplecil,partial_overlap,2,9,Anchor_Retention,nan
cifar224__simplecil__partial_overlap__seed2,cifar224,simplecil,partial_overlap,2,9,Long_Range_Retention,0.42399999999999993
cifar224__simplecil__partial_overlap__seed3,cifar224,simplecil,partial_overlap,3,0,A_t,0.9129999999999999
cifar224__simplecil__partial_overlap__seed3,cifar224,simplecil,partial_overlap,3,0,AIA,0.9129999999999999
cifar224__simplecil__partial_overlap__seed3,cifar224,simplecil,partial_overlap,3,0,BWT,nan
cifar224__simplecil__partial_overlap__seed3,cifar224,simplecil,partial_overlap,3,0,Forgetting,nan
cifar224__simplecil__partial_overlap__seed3,cifar224,simplecil,partial_overlap,3,0,FWT,nan
cifar224__simplecil__partial_overlap__seed3,cifar224,simplecil,partial_overlap,3,0,RAG_mean,nan
cifar224__simplecil__partial_overlap__seed3,cifar224,simplecil,partial_overlap,3,0,Repetition_Gain,nan
cifar224__simplecil__partial_overlap__seed3,cifar224,simplecil,partial_overlap,3,1,A_t,0.8779999999999999
cifar224__simplecil__partial_overlap__seed3,cifar224,simplecil,partial_overlap,3,1,AIA,0.8955
cifar224__simplecil__partial_overlap__seed3,cifar224,simplecil,partial_overlap,3,1,BWT,-0.03400000000000003
cifar224__simplecil__partial_overlap__seed3,cifar224,simplecil,partial_overlap,3,1,Forgetting,0.03400000000000003
cifar224__simplecil__partial_overlap__seed3,cifar224,simplecil,partial_overlap,3,1,FWT,0.9129999999999999
cifar224__simplecil__partial_overlap__seed3,cifar224,simplecil,partial_overlap,3,1,RAG_mean,nan
cifar224__simplecil__partial_overlap__seed3,cifar224,simplecil,partial_overlap,3,1,Repetition_Gain,nan
cifar224__simplecil__partial_overlap__seed3,cifar224,simplecil,partial_overlap,3,2,A_t,0.8663333333333333
cifar224__simplecil__partial_overlap__seed3,cifar224,simplecil,partial_overlap,3,2,AIA,0.8857777777777778
cifar224__simplecil__partial_overlap__seed3,cifar224,simplecil,partial_overlap,3,2,BWT,-0.03999999999999998
cifar224__simplecil__partial_overlap__seed3,cifar224,simplecil,partial_overlap,3,2,Forgetting,0.03999999999999998
cifar224__simplecil__partial_overlap__seed3,cifar224,simplecil,partial_overlap,3,2,FWT,0.895
cifar224__simplecil__partial_overlap__seed3,cifar224,simplecil,partial_overlap,3,2,RAG_mean,nan
cifar224__simplecil__partial_overlap__seed3,cifar224,simplecil,partial_overlap,3,2,Repetition_Gain,nan
cifar224__simplecil__partial_overlap__seed3,cifar224,simplecil,partial_overlap,3,3,A_t,0.83525
cifar224__simplecil__partial_overlap__seed3,cifar224,simplecil,partial_overlap,3,3,AIA,0.8731458333333333
cifar224__simplecil__partial_overlap__seed3,cifar224,simplecil,partial_overlap,3,3,BWT,-0.045333333333333226
cifar224__simplecil__partial_overlap__seed3,cifar224,simplecil,partial_overlap,3,3,Forgetting,0.045333333333333226
cifar224__simplecil__partial_overlap__seed3,cifar224,simplecil,partial_overlap,3,3,FWT,0.8929999999999999
cifar224__simplecil__partial_overlap__seed3,cifar224,simplecil,partial_overlap,3,3,RAG_mean,nan
cifar224__simplecil__partial_overlap__seed3,cifar224,simplecil,partial_overlap,3,3,Repetition_Gain,nan
cifar224__simplecil__partial_overlap__seed3,cifar224,simplecil,partial_overlap,3,4,A_t,0.8123999999999999
cifar224__simplecil__partial_overlap__seed3,cifar224,simplecil,partial_overlap,3,4,AIA,0.8609966666666666
cifar224__simplecil__partial_overlap__seed3,cifar224,simplecil,partial_overlap,3,4,BWT,-0.067
cifar224__simplecil__partial_overlap__seed3,cifar224,simplecil,partial_overlap,3,4,Forgetting,0.067
cifar224__simplecil__partial_overlap__seed3,cifar224,simplecil,partial_overlap,3,4,FWT,0.86925
cifar224__simplecil__partial_overlap__seed3,cifar224,simplecil,partial_overlap,3,4,RAG_mean,nan
cifar224__simplecil__partial_overlap__seed3,cifar224,simplecil,partial_overlap,3,4,Repetition_Gain,nan
cifar224__simplecil__partial_overlap__seed3,cifar224,simplecil,partial_overlap,3,5,A_t,0.7915
cifar224__simplecil__partial_overlap__seed3,cifar224,simplecil,partial_overlap,3,5,AIA,0.8494138888888889
cifar224__simplecil__partial_overlap__seed3,cifar224,simplecil,partial_overlap,3,5,BWT,-0.06939999999999999
cifar224__simplecil__partial_overlap__seed3,cifar224,simplecil,partial_overlap,3,5,Forgetting,0.06939999999999999
cifar224__simplecil__partial_overlap__seed3,cifar224,simplecil,partial_overlap,3,5,FWT,0.866
cifar224__simplecil__partial_overlap__seed3,cifar224,simplecil,partial_overlap,3,5,RAG_mean,nan
cifar224__simplecil__partial_overlap__seed3,cifar224,simplecil,partial_overlap,3,5,Repetition_Gain,nan
cifar224__simplecil__partial_overlap__seed3,cifar224,simplecil,partial_overlap,3,6,A_t,0.7895714285714286
cifar224__simplecil__partial_overlap__seed3,cifar224,simplecil,partial_overlap,3,6,AIA,0.8408649659863946
cifar224__simplecil__partial_overlap__seed3,cifar224,simplecil,partial_overlap,3,6,BWT,-0.0686666666666667
cifar224__simplecil__partial_overlap__seed3,cifar224,simplecil,partial_overlap,3,6,Forgetting,0.0686666666666667
cifar224__simplecil__partial_overlap__seed3,cifar224,simplecil,partial_overlap,3,6,FWT,0.8493333333333334
cifar224__simplecil__partial_overlap__seed3,cifar224,simplecil,partial_overlap,3,6,RAG_mean,nan
cifar224__simplecil__partial_overlap__seed3,cifar224,simplecil,partial_overlap,3,6,Repetition_Gain,nan
cifar224__simplecil__partial_overlap__seed3,cifar224,simplecil,partial_overlap,3,7,A_t,0.7693749999999999
cifar224__simplecil__partial_overlap__seed3,cifar224,simplecil,partial_overlap,3,7,AIA,0.8319287202380952
cifar224__simplecil__partial_overlap__seed3,cifar224,simplecil,partial_overlap,3,7,BWT,-0.07314285714285715
cifar224__simplecil__partial_overlap__seed3,cifar224,simplecil,partial_overlap,3,7,Forgetting,0.07314285714285715
cifar224__simplecil__partial_overlap__seed3,cifar224,simplecil,partial_overlap,3,7,FWT,0.8484285714285714
cifar224__simplecil__partial_overlap__seed3,cifar224,simplecil,partial_overlap,3,7,RAG_mean,nan
cifar224__simplecil__partial_overlap__seed3,cifar224,simplecil,partial_overlap,3,7,Repetition_Gain,nan
cifar224__simplecil__partial_overlap__seed3,cifar224,simplecil,partial_overlap,3,8,A_t,0.7580000000000001
cifar224__simplecil__partial_overlap__seed3,cifar224,simplecil,partial_overlap,3,8,AIA,0.8237144179894179
cifar224__simplecil__partial_overlap__seed3,cifar224,simplecil,partial_overlap,3,8,BWT,-0.076875
cifar224__simplecil__partial_overlap__seed3,cifar224,simplecil,partial_overlap,3,8,Forgetting,0.076875
cifar224__simplecil__partial_overlap__seed3,cifar224,simplecil,partial_overlap,3,8,FWT,0.833375
cifar224__simplecil__partial_overlap__seed3,cifar224,simplecil,partial_overlap,3,8,RAG_mean,nan
cifar224__simplecil__partial_overlap__seed3,cifar224,simplecil,partial_overlap,3,8,Repetition_Gain,nan
cifar224__simplecil__partial_overlap__seed3,cifar224,simplecil,partial_overlap,3,9,A_t,0.724
cifar224__simplecil__partial_overlap__seed3,cifar224,simplecil,partial_overlap,3,9,AIA,0.8137429761904761
cifar224__simplecil__partial_overlap__seed3,cifar224,simplecil,partial_overlap,3,9,BWT,-0.09500000000000001
cifar224__simplecil__partial_overlap__seed3,cifar224,simplecil,partial_overlap,3,9,Forgetting,0.09500000000000001
cifar224__simplecil__partial_overlap__seed3,cifar224,simplecil,partial_overlap,3,9,FWT,0.8263333333333334
cifar224__simplecil__partial_overlap__seed3,cifar224,simplecil,partial_overlap,3,9,RAG_mean,nan
cifar224__simplecil__partial_overlap__seed3,cifar224,simplecil,partial_overlap,3,9,Repetition_Gain,-0.3640000000000001
cifar224__simplecil__partial_overlap__seed3,cifar224,simplecil,partial_overlap,3,9,Anchor_Retention,nan
cifar224__simplecil__partial_overlap__seed3,cifar224,simplecil,partial_overlap,3,9,Long_Range_Retention,0.368
